datum,einrichtung,altersgruppe,erstimpfungen,zweitimpfungen,drittimpfungen
2021-04-21,Impfzentrum,0-19,385,81,0
2021-04-21,Impfzentrum,20-29,1500,316,0
2021-04-21,Impfzentrum,30-39,2181,399,0
2021-04-21,Impfzentrum,40-49,2639,535,0
2021-04-21,Impfzentrum,50-59,3837,715,0
2021-04-21,Impfzentrum,60-69,3064,487,0
2021-04-21,Impfzentrum,70-79,5881,668,0
2021-04-21,Impfzentrum,80+,7467,5920,0
2021-04-22,Impfzentrum,0-19,402,81,0
2021-04-22,Impfzentrum,20-29,1554,316,0
2021-04-22,Impfzentrum,30-39,2261,399,0
2021-04-22,Impfzentrum,40-49,2744,535,0
2021-04-22,Impfzentrum,50-59,4018,715,0
2021-04-22,Impfzentrum,60-69,3136,487,0
2021-04-22,Impfzentrum,70-79,5976,668,0
2021-04-22,Impfzentrum,80+,7468,5920,0
2021-04-23,Impfzentrum,0-19,402,81,0
2021-04-23,Impfzentrum,20-29,1554,316,0
2021-04-23,Impfzentrum,30-39,2261,399,0
2021-04-23,Impfzentrum,40-49,2744,535,0
2021-04-23,Impfzentrum,50-59,4018,715,0
2021-04-23,Impfzentrum,60-69,3136,487,0
2021-04-23,Impfzentrum,70-79,5976,668,0
2021-04-23,Impfzentrum,80+,7468,5920,0
2021-04-24,Impfzentrum,0-19,402,81,0
2021-04-24,Impfzentrum,20-29,1554,316,0
2021-04-24,Impfzentrum,30-39,2261,399,0
2021-04-24,Impfzentrum,40-49,2744,535,0
2021-04-24,Impfzentrum,50-59,4018,715,0
2021-04-24,Impfzentrum,60-69,3136,487,0
2021-04-24,Impfzentrum,70-79,5976,668,0
2021-04-24,Impfzentrum,80+,7468,5920,0
2021-04-25,Impfzentrum,0-19,402,81,0
2021-04-25,Impfzentrum,20-29,1554,316,0
2021-04-25,Impfzentrum,30-39,2261,399,0
2021-04-25,Impfzentrum,40-49,2744,535,0
2021-04-25,Impfzentrum,50-59,4018,715,0
2021-04-25,Impfzentrum,60-69,3136,487,0
2021-04-25,Impfzentrum,70-79,5976,668,0
2021-04-25,Impfzentrum,80+,7468,5920,0
2021-04-26,Impfzentrum,0-19,402,81,0
2021-04-26,Impfzentrum,20-29,1554,316,0
2021-04-26,Impfzentrum,30-39,2261,399,0
2021-04-26,Impfzentrum,40-49,2744,535,0
2021-04-26,Impfzentrum,50-59,4018,715,0
2021-04-26,Impfzentrum,60-69,3136,487,0
2021-04-26,Impfzentrum,70-79,5976,668,0
2021-04-26,Impfzentrum,80+,7468,5920,0
2021-04-27,Impfzentrum,0-19,473,87,0
2021-04-27,Impfzentrum,20-29,1784,340,0
2021-04-27,Impfzentrum,30-39,2545,433,0
2021-04-27,Impfzentrum,40-49,3121,576,0
2021-04-27,Impfzentrum,50-59,4575,799,0
2021-04-27,Impfzentrum,60-69,3693,516,0
2021-04-27,Impfzentrum,70-79,6465,673,0
2021-04-27,Impfzentrum,80+,7478,5922,0
2021-04-28,Impfzentrum,0-19,477,90,0
2021-04-28,Impfzentrum,20-29,1810,353,0
2021-04-28,Impfzentrum,30-39,2578,453,0
2021-04-28,Impfzentrum,40-49,3165,592,0
2021-04-28,Impfzentrum,50-59,4669,827,0
2021-04-28,Impfzentrum,60-69,3761,530,0
2021-04-28,Impfzentrum,70-79,6574,674,0
2021-04-28,Impfzentrum,80+,7485,5925,0
2021-04-29,Impfzentrum,0-19,477,90,0
2021-04-29,Impfzentrum,20-29,1810,353,0
2021-04-29,Impfzentrum,30-39,2578,453,0
2021-04-29,Impfzentrum,40-49,3165,592,0
2021-04-29,Impfzentrum,50-59,4669,827,0
2021-04-29,Impfzentrum,60-69,3761,530,0
2021-04-29,Impfzentrum,70-79,6574,674,0
2021-04-29,Impfzentrum,80+,7485,5925,0
2021-04-30,Impfzentrum,0-19,506,95,0
2021-04-30,Impfzentrum,20-29,1887,375,0
2021-04-30,Impfzentrum,30-39,2710,484,0
2021-04-30,Impfzentrum,40-49,3351,653,0
2021-04-30,Impfzentrum,50-59,4861,895,0
2021-04-30,Impfzentrum,60-69,3915,559,0
2021-04-30,Impfzentrum,70-79,6676,678,0
2021-04-30,Impfzentrum,80+,7492,5926,0
2021-05-01,Impfzentrum,0-19,506,95,0
2021-05-01,Impfzentrum,20-29,1887,375,0
2021-05-01,Impfzentrum,30-39,2710,484,0
2021-05-01,Impfzentrum,40-49,3351,653,0
2021-05-01,Impfzentrum,50-59,4861,895,0
2021-05-01,Impfzentrum,60-69,3915,559,0
2021-05-01,Impfzentrum,70-79,6676,678,0
2021-05-01,Impfzentrum,80+,7492,5926,0
2021-05-02,Impfzentrum,0-19,506,95,0
2021-05-02,Impfzentrum,20-29,1887,375,0
2021-05-02,Impfzentrum,30-39,2710,484,0
2021-05-02,Impfzentrum,40-49,3351,653,0
2021-05-02,Impfzentrum,50-59,4861,895,0
2021-05-02,Impfzentrum,60-69,3915,559,0
2021-05-02,Impfzentrum,70-79,6676,678,0
2021-05-02,Impfzentrum,80+,7492,5926,0
2021-05-03,Impfzentrum,0-19,506,95,0
2021-05-03,Impfzentrum,20-29,1887,375,0
2021-05-03,Impfzentrum,30-39,2710,484,0
2021-05-03,Impfzentrum,40-49,3351,653,0
2021-05-03,Impfzentrum,50-59,4861,895,0
2021-05-03,Impfzentrum,60-69,3915,559,0
2021-05-03,Impfzentrum,70-79,6676,678,0
2021-05-03,Impfzentrum,80+,7492,5926,0
2021-05-04,Impfzentrum,0-19,555,102,0
2021-05-04,Impfzentrum,20-29,2064,414,0
2021-05-04,Impfzentrum,30-39,2899,549,0
2021-05-04,Impfzentrum,40-49,3566,743,0
2021-05-04,Impfzentrum,50-59,5184,1029,0
2021-05-04,Impfzentrum,60-69,4071,622,0
2021-05-04,Impfzentrum,70-79,6728,682,0
2021-05-04,Impfzentrum,80+,7501,5926,0
2021-05-05,Impfzentrum,0-19,565,105,0
2021-05-05,Impfzentrum,20-29,2092,423,0
2021-05-05,Impfzentrum,30-39,2931,593,0
2021-05-05,Impfzentrum,40-49,3627,781,0
2021-05-05,Impfzentrum,50-59,5245,1102,0
2021-05-05,Impfzentrum,60-69,4093,654,0
2021-05-05,Impfzentrum,70-79,6739,719,0
2021-05-05,Impfzentrum,80+,7505,5946,0
2021-05-06,Impfzentrum,0-19,573,117,0
2021-05-06,Impfzentrum,20-29,2142,455,0
2021-05-06,Impfzentrum,30-39,2984,638,0
2021-05-06,Impfzentrum,40-49,3687,860,0
2021-05-06,Impfzentrum,50-59,5318,1188,0
2021-05-06,Impfzentrum,60-69,4108,697,0
2021-05-06,Impfzentrum,70-79,6745,750,0
2021-05-06,Impfzentrum,80+,7510,5976,0
2021-05-07,Impfzentrum,0-19,591,121,0
2021-05-07,Impfzentrum,20-29,2205,482,0
2021-05-07,Impfzentrum,30-39,3051,688,0
2021-05-07,Impfzentrum,40-49,3775,916,0
2021-05-07,Impfzentrum,50-59,5430,1317,0
2021-05-07,Impfzentrum,60-69,4137,746,0
2021-05-07,Impfzentrum,70-79,6754,769,0
2021-05-07,Impfzentrum,80+,7516,5991,0
2021-05-08,Impfzentrum,0-19,591,121,0
2021-05-08,Impfzentrum,20-29,2205,482,0
2021-05-08,Impfzentrum,30-39,3051,688,0
2021-05-08,Impfzentrum,40-49,3775,916,0
2021-05-08,Impfzentrum,50-59,5430,1317,0
2021-05-08,Impfzentrum,60-69,4137,746,0
2021-05-08,Impfzentrum,70-79,6754,769,0
2021-05-08,Impfzentrum,80+,7516,5991,0
2021-05-09,Impfzentrum,0-19,591,121,0
2021-05-09,Impfzentrum,20-29,2205,482,0
2021-05-09,Impfzentrum,30-39,3051,688,0
2021-05-09,Impfzentrum,40-49,3775,916,0
2021-05-09,Impfzentrum,50-59,5430,1317,0
2021-05-09,Impfzentrum,60-69,4137,746,0
2021-05-09,Impfzentrum,70-79,6754,769,0
2021-05-09,Impfzentrum,80+,7516,5991,0
2021-05-10,Impfzentrum,0-19,623,156,0
2021-05-10,Impfzentrum,20-29,2262,568,0
2021-05-10,Impfzentrum,30-39,3124,814,0
2021-05-10,Impfzentrum,40-49,3847,1097,0
2021-05-10,Impfzentrum,50-59,5552,1585,0
2021-05-10,Impfzentrum,60-69,4203,900,0
2021-05-10,Impfzentrum,70-79,6789,1142,0
2021-05-10,Impfzentrum,80+,7532,6062,0
2021-05-11,Impfzentrum,0-19,623,156,0
2021-05-11,Impfzentrum,20-29,2262,568,0
2021-05-11,Impfzentrum,30-39,3124,814,0
2021-05-11,Impfzentrum,40-49,3847,1097,0
2021-05-11,Impfzentrum,50-59,5552,1585,0
2021-05-11,Impfzentrum,60-69,4203,900,0
2021-05-11,Impfzentrum,70-79,6789,1142,0
2021-05-11,Impfzentrum,80+,7532,6062,0
2021-05-12,Impfzentrum,0-19,659,166,0
2021-05-12,Impfzentrum,20-29,2404,614,0
2021-05-12,Impfzentrum,30-39,3257,876,0
2021-05-12,Impfzentrum,40-49,4000,1184,0
2021-05-12,Impfzentrum,50-59,5744,1705,0
2021-05-12,Impfzentrum,60-69,4255,987,0
2021-05-12,Impfzentrum,70-79,6814,1389,0
2021-05-12,Impfzentrum,80+,7538,6078,0
2021-05-13,Impfzentrum,0-19,659,166,0
2021-05-13,Impfzentrum,20-29,2404,614,0
2021-05-13,Impfzentrum,30-39,3257,876,0
2021-05-13,Impfzentrum,40-49,4000,1184,0
2021-05-13,Impfzentrum,50-59,5744,1705,0
2021-05-13,Impfzentrum,60-69,4255,987,0
2021-05-13,Impfzentrum,70-79,6814,1389,0
2021-05-13,Impfzentrum,80+,7538,6078,0
2021-05-14,Impfzentrum,0-19,710,177,0
2021-05-14,Impfzentrum,20-29,2559,658,0
2021-05-14,Impfzentrum,30-39,3428,936,0
2021-05-14,Impfzentrum,40-49,4154,1270,0
2021-05-14,Impfzentrum,50-59,5927,1811,0
2021-05-14,Impfzentrum,60-69,4321,1033,0
2021-05-14,Impfzentrum,70-79,6852,1561,0
2021-05-14,Impfzentrum,80+,7544,6084,0
2021-05-15,Impfzentrum,0-19,710,177,0
2021-05-15,Impfzentrum,20-29,2559,658,0
2021-05-15,Impfzentrum,30-39,3428,936,0
2021-05-15,Impfzentrum,40-49,4154,1270,0
2021-05-15,Impfzentrum,50-59,5927,1811,0
2021-05-15,Impfzentrum,60-69,4321,1033,0
2021-05-15,Impfzentrum,70-79,6852,1561,0
2021-05-15,Impfzentrum,80+,7544,6084,0
2021-05-16,Impfzentrum,0-19,710,177,0
2021-05-16,Impfzentrum,20-29,2559,658,0
2021-05-16,Impfzentrum,30-39,3428,936,0
2021-05-16,Impfzentrum,40-49,4154,1270,0
2021-05-16,Impfzentrum,50-59,5927,1811,0
2021-05-16,Impfzentrum,60-69,4321,1033,0
2021-05-16,Impfzentrum,70-79,6852,1561,0
2021-05-16,Impfzentrum,80+,7544,6084,0
2021-05-17,Impfzentrum,0-19,828,193,0
2021-05-17,Impfzentrum,20-29,2936,717,0
2021-05-17,Impfzentrum,30-39,3772,1011,0
2021-05-17,Impfzentrum,40-49,4589,1343,0
2021-05-17,Impfzentrum,50-59,6434,1950,0
2021-05-17,Impfzentrum,60-69,4528,1122,0
2021-05-17,Impfzentrum,70-79,6897,1780,0
2021-05-17,Impfzentrum,80+,7548,6091,0
2021-05-18,Impfzentrum,0-19,846,193,0
2021-05-18,Impfzentrum,20-29,3002,726,0
2021-05-18,Impfzentrum,30-39,3838,1020,0
2021-05-18,Impfzentrum,40-49,4675,1353,0
2021-05-18,Impfzentrum,50-59,6540,1957,0
2021-05-18,Impfzentrum,60-69,4577,1136,0
2021-05-18,Impfzentrum,70-79,6907,1866,0
2021-05-18,Impfzentrum,80+,7548,6093,0
2021-05-19,Impfzentrum,0-19,871,202,0
2021-05-19,Impfzentrum,20-29,3067,742,0
2021-05-19,Impfzentrum,30-39,3909,1031,0
2021-05-19,Impfzentrum,40-49,4738,1370,0
2021-05-19,Impfzentrum,50-59,6610,1972,0
2021-05-19,Impfzentrum,60-69,4633,1152,0
2021-05-19,Impfzentrum,70-79,6908,1874,0
2021-05-19,Impfzentrum,80+,7550,6094,0
2021-05-20,Impfzentrum,0-19,889,206,0
2021-05-20,Impfzentrum,20-29,3123,777,0
2021-05-20,Impfzentrum,30-39,3987,1077,0
2021-05-20,Impfzentrum,40-49,4811,1438,0
2021-05-20,Impfzentrum,50-59,6709,2057,0
2021-05-20,Impfzentrum,60-69,4682,1181,0
2021-05-20,Impfzentrum,70-79,6921,1913,0
2021-05-20,Impfzentrum,80+,7553,6095,0
2021-05-21,Impfzentrum,0-19,889,206,0
2021-05-21,Impfzentrum,20-29,3123,777,0
2021-05-21,Impfzentrum,30-39,3987,1077,0
2021-05-21,Impfzentrum,40-49,4811,1438,0
2021-05-21,Impfzentrum,50-59,6709,2057,0
2021-05-21,Impfzentrum,60-69,4682,1181,0
2021-05-21,Impfzentrum,70-79,6921,1913,0
2021-05-21,Impfzentrum,80+,7553,6095,0
2021-05-22,Impfzentrum,0-19,889,206,0
2021-05-22,Impfzentrum,20-29,3123,777,0
2021-05-22,Impfzentrum,30-39,3987,1077,0
2021-05-22,Impfzentrum,40-49,4811,1438,0
2021-05-22,Impfzentrum,50-59,6709,2057,0
2021-05-22,Impfzentrum,60-69,4682,1181,0
2021-05-22,Impfzentrum,70-79,6921,1913,0
2021-05-22,Impfzentrum,80+,7553,6095,0
2021-05-23,Impfzentrum,0-19,889,206,0
2021-05-23,Impfzentrum,20-29,3123,777,0
2021-05-23,Impfzentrum,30-39,3987,1077,0
2021-05-23,Impfzentrum,40-49,4811,1438,0
2021-05-23,Impfzentrum,50-59,6709,2057,0
2021-05-23,Impfzentrum,60-69,4682,1181,0
2021-05-23,Impfzentrum,70-79,6921,1913,0
2021-05-23,Impfzentrum,80+,7553,6095,0
2021-05-24,Impfzentrum,0-19,889,206,0
2021-05-24,Impfzentrum,20-29,3123,777,0
2021-05-24,Impfzentrum,30-39,3987,1077,0
2021-05-24,Impfzentrum,40-49,4811,1438,0
2021-05-24,Impfzentrum,50-59,6709,2057,0
2021-05-24,Impfzentrum,60-69,4682,1181,0
2021-05-24,Impfzentrum,70-79,6921,1913,0
2021-05-24,Impfzentrum,80+,7553,6095,0
2021-05-25,Impfzentrum,0-19,889,206,0
2021-05-25,Impfzentrum,20-29,3123,777,0
2021-05-25,Impfzentrum,30-39,3987,1077,0
2021-05-25,Impfzentrum,40-49,4811,1438,0
2021-05-25,Impfzentrum,50-59,6709,2057,0
2021-05-25,Impfzentrum,60-69,4682,1181,0
2021-05-25,Impfzentrum,70-79,6921,1913,0
2021-05-25,Impfzentrum,80+,7553,6095,0
2021-05-26,Impfzentrum,0-19,908,268,0
2021-05-26,Impfzentrum,20-29,3235,1069,0
2021-05-26,Impfzentrum,30-39,4081,1478,0
2021-05-26,Impfzentrum,40-49,4947,1869,0
2021-05-26,Impfzentrum,50-59,6873,2685,0
2021-05-26,Impfzentrum,60-69,4769,1569,0
2021-05-26,Impfzentrum,70-79,6997,2698,0
2021-05-26,Impfzentrum,80+,7563,6126,0
2021-05-27,Impfzentrum,0-19,908,268,0
2021-05-27,Impfzentrum,20-29,3235,1069,0
2021-05-27,Impfzentrum,30-39,4081,1478,0
2021-05-27,Impfzentrum,40-49,4947,1869,0
2021-05-27,Impfzentrum,50-59,6873,2685,0
2021-05-27,Impfzentrum,60-69,4769,1569,0
2021-05-27,Impfzentrum,70-79,6997,2698,0
2021-05-27,Impfzentrum,80+,7563,6126,0
2021-05-28,Impfzentrum,0-19,909,283,0
2021-05-28,Impfzentrum,20-29,3242,1137,0
2021-05-28,Impfzentrum,30-39,4097,1584,0
2021-05-28,Impfzentrum,40-49,4955,1978,0
2021-05-28,Impfzentrum,50-59,6897,2850,0
2021-05-28,Impfzentrum,60-69,4778,1687,0
2021-05-28,Impfzentrum,70-79,7034,2942,0
2021-05-28,Impfzentrum,80+,7563,6140,0
2021-05-29,Impfzentrum,0-19,909,283,0
2021-05-29,Impfzentrum,20-29,3242,1137,0
2021-05-29,Impfzentrum,30-39,4097,1584,0
2021-05-29,Impfzentrum,40-49,4955,1978,0
2021-05-29,Impfzentrum,50-59,6897,2850,0
2021-05-29,Impfzentrum,60-69,4778,1687,0
2021-05-29,Impfzentrum,70-79,7034,2942,0
2021-05-29,Impfzentrum,80+,7563,6140,0
2021-05-30,Impfzentrum,0-19,909,283,0
2021-05-30,Impfzentrum,20-29,3242,1137,0
2021-05-30,Impfzentrum,30-39,4097,1584,0
2021-05-30,Impfzentrum,40-49,4955,1978,0
2021-05-30,Impfzentrum,50-59,6897,2850,0
2021-05-30,Impfzentrum,60-69,4778,1687,0
2021-05-30,Impfzentrum,70-79,7034,2942,0
2021-05-30,Impfzentrum,80+,7563,6140,0
2021-05-31,Impfzentrum,0-19,920,302,0
2021-05-31,Impfzentrum,20-29,3254,1191,0
2021-05-31,Impfzentrum,30-39,4116,1652,0
2021-05-31,Impfzentrum,40-49,4984,2058,0
2021-05-31,Impfzentrum,50-59,6928,2993,0
2021-05-31,Impfzentrum,60-69,4791,1765,0
2021-05-31,Impfzentrum,70-79,7039,2986,0
2021-05-31,Impfzentrum,80+,7564,6143,0
2021-06-01,Impfzentrum,0-19,923,316,0
2021-06-01,Impfzentrum,20-29,3264,1290,0
2021-06-01,Impfzentrum,30-39,4130,1789,0
2021-06-01,Impfzentrum,40-49,5003,2220,0
2021-06-01,Impfzentrum,50-59,6965,3238,0
2021-06-01,Impfzentrum,60-69,4797,1812,0
2021-06-01,Impfzentrum,70-79,7043,3037,0
2021-06-01,Impfzentrum,80+,7570,6230,0
2021-06-02,Impfzentrum,0-19,927,343,0
2021-06-02,Impfzentrum,20-29,3278,1353,0
2021-06-02,Impfzentrum,30-39,4143,1912,0
2021-06-02,Impfzentrum,40-49,5021,2361,0
2021-06-02,Impfzentrum,50-59,6984,3462,0
2021-06-02,Impfzentrum,60-69,4804,1892,0
2021-06-02,Impfzentrum,70-79,7048,3137,0
2021-06-02,Impfzentrum,80+,7585,6535,0
2021-06-03,Impfzentrum,0-19,928,359,0
2021-06-03,Impfzentrum,20-29,3282,1420,0
2021-06-03,Impfzentrum,30-39,4156,1998,0
2021-06-03,Impfzentrum,40-49,5030,2455,0
2021-06-03,Impfzentrum,50-59,7011,3667,0
2021-06-03,Impfzentrum,60-69,4807,1977,0
2021-06-03,Impfzentrum,70-79,7060,3246,0
2021-06-03,Impfzentrum,80+,7588,6700,0
2021-06-04,Impfzentrum,0-19,928,359,0
2021-06-04,Impfzentrum,20-29,3282,1420,0
2021-06-04,Impfzentrum,30-39,4156,1998,0
2021-06-04,Impfzentrum,40-49,5030,2455,0
2021-06-04,Impfzentrum,50-59,7011,3667,0
2021-06-04,Impfzentrum,60-69,4807,1977,0
2021-06-04,Impfzentrum,70-79,7060,3246,0
2021-06-04,Impfzentrum,80+,7588,6700,0
2021-06-05,Impfzentrum,0-19,928,359,0
2021-06-05,Impfzentrum,20-29,3282,1420,0
2021-06-05,Impfzentrum,30-39,4156,1998,0
2021-06-05,Impfzentrum,40-49,5030,2455,0
2021-06-05,Impfzentrum,50-59,7011,3667,0
2021-06-05,Impfzentrum,60-69,4807,1977,0
2021-06-05,Impfzentrum,70-79,7060,3246,0
2021-06-05,Impfzentrum,80+,7588,6700,0
2021-06-06,Impfzentrum,0-19,928,359,0
2021-06-06,Impfzentrum,20-29,3282,1420,0
2021-06-06,Impfzentrum,30-39,4156,1998,0
2021-06-06,Impfzentrum,40-49,5030,2455,0
2021-06-06,Impfzentrum,50-59,7011,3667,0
2021-06-06,Impfzentrum,60-69,4807,1977,0
2021-06-06,Impfzentrum,70-79,7060,3246,0
2021-06-06,Impfzentrum,80+,7588,6700,0
2021-06-07,Impfzentrum,0-19,930,403,0
2021-06-07,Impfzentrum,20-29,3294,1627,0
2021-06-07,Impfzentrum,30-39,4171,2239,0
2021-06-07,Impfzentrum,40-49,5054,2812,0
2021-06-07,Impfzentrum,50-59,7047,4165,0
2021-06-07,Impfzentrum,60-69,4824,2423,0
2021-06-07,Impfzentrum,70-79,7088,3783,0
2021-06-07,Impfzentrum,80+,7598,6904,0
2021-06-08,Impfzentrum,0-19,933,417,0
2021-06-08,Impfzentrum,20-29,3300,1646,0
2021-06-08,Impfzentrum,30-39,4172,2278,0
2021-06-08,Impfzentrum,40-49,5056,2852,0
2021-06-08,Impfzentrum,50-59,7049,4222,0
2021-06-08,Impfzentrum,60-69,4827,2487,0
2021-06-08,Impfzentrum,70-79,7090,3836,0
2021-06-08,Impfzentrum,80+,7598,6909,0
2021-06-09,Impfzentrum,0-19,936,435,0
2021-06-09,Impfzentrum,20-29,3312,1702,0
2021-06-09,Impfzentrum,30-39,4185,2342,0
2021-06-09,Impfzentrum,40-49,5072,2933,0
2021-06-09,Impfzentrum,50-59,7077,4375,0
2021-06-09,Impfzentrum,60-69,4840,2594,0
2021-06-09,Impfzentrum,70-79,7101,3989,0
2021-06-09,Impfzentrum,80+,7601,6926,0
2021-06-10,Impfzentrum,0-19,938,445,0
2021-06-10,Impfzentrum,20-29,3319,1746,0
2021-06-10,Impfzentrum,30-39,4192,2402,0
2021-06-10,Impfzentrum,40-49,5079,3032,0
2021-06-10,Impfzentrum,50-59,7094,4502,0
2021-06-10,Impfzentrum,60-69,4849,2692,0
2021-06-10,Impfzentrum,70-79,7112,4087,0
2021-06-10,Impfzentrum,80+,7606,6947,0
2021-06-11,Impfzentrum,0-19,939,455,0
2021-06-11,Impfzentrum,20-29,3319,1768,0
2021-06-11,Impfzentrum,30-39,4195,2458,0
2021-06-11,Impfzentrum,40-49,5084,3090,0
2021-06-11,Impfzentrum,50-59,7095,4561,0
2021-06-11,Impfzentrum,60-69,4850,2735,0
2021-06-11,Impfzentrum,70-79,7112,4112,0
2021-06-11,Impfzentrum,80+,7606,6951,0
2021-06-14,Impfzentrum,0-19,940,505,0
2021-06-14,Impfzentrum,20-29,3328,1939,0
2021-06-14,Impfzentrum,30-39,4204,2663,0
2021-06-14,Impfzentrum,40-49,5093,3328,0
2021-06-14,Impfzentrum,50-59,7114,4883,0
2021-06-14,Impfzentrum,60-69,4856,2923,0
2021-06-14,Impfzentrum,70-79,7140,4428,0
2021-06-14,Impfzentrum,80+,7625,7032,0
2021-06-15,Impfzentrum,0-19,940,514,0
2021-06-15,Impfzentrum,20-29,3335,1965,0
2021-06-15,Impfzentrum,30-39,4207,2688,0
2021-06-15,Impfzentrum,40-49,5102,3375,0
2021-06-15,Impfzentrum,50-59,7118,4947,0
2021-06-15,Impfzentrum,60-69,4857,2938,0
2021-06-15,Impfzentrum,70-79,7145,4503,0
2021-06-15,Impfzentrum,80+,7627,7045,0
2021-06-16,Impfzentrum,0-19,942,524,0
2021-06-16,Impfzentrum,20-29,3345,2001,0
2021-06-16,Impfzentrum,30-39,4216,2717,0
2021-06-16,Impfzentrum,40-49,5118,3440,0
2021-06-16,Impfzentrum,50-59,7125,5010,0
2021-06-16,Impfzentrum,60-69,4865,2962,0
2021-06-16,Impfzentrum,70-79,7148,4556,0
2021-06-16,Impfzentrum,80+,7628,7055,0
2021-06-17,Impfzentrum,0-19,947,534,0
2021-06-17,Impfzentrum,20-29,3349,2054,0
2021-06-17,Impfzentrum,30-39,4223,2775,0
2021-06-17,Impfzentrum,40-49,5131,3504,0
2021-06-17,Impfzentrum,50-59,7140,5110,0
2021-06-17,Impfzentrum,60-69,4870,2991,0
2021-06-17,Impfzentrum,70-79,7156,4640,0
2021-06-17,Impfzentrum,80+,7637,7085,0
2021-06-21,Impfzentrum,0-19,989,593,0
2021-06-21,Impfzentrum,20-29,3469,2212,0
2021-06-21,Impfzentrum,30-39,4341,2925,0
2021-06-21,Impfzentrum,40-49,5247,3687,0
2021-06-21,Impfzentrum,50-59,7265,5351,0
2021-06-21,Impfzentrum,60-69,4921,3099,0
2021-06-21,Impfzentrum,70-79,7173,4786,0
2021-06-21,Impfzentrum,80+,7638,7124,0
2021-06-22,Impfzentrum,0-19,997,611,0
2021-06-22,Impfzentrum,20-29,3508,2270,0
2021-06-22,Impfzentrum,30-39,4390,3000,0
2021-06-22,Impfzentrum,40-49,5284,3763,0
2021-06-22,Impfzentrum,50-59,7309,5444,0
2021-06-22,Impfzentrum,60-69,4947,3122,0
2021-06-22,Impfzentrum,70-79,7174,4796,0
2021-06-22,Impfzentrum,80+,7639,7128,0
2021-06-23,Impfzentrum,0-19,1010,625,0
2021-06-23,Impfzentrum,20-29,3536,2357,0
2021-06-23,Impfzentrum,30-39,4418,3085,0
2021-06-23,Impfzentrum,40-49,5315,3851,0
2021-06-23,Impfzentrum,50-59,7350,5569,0
2021-06-23,Impfzentrum,60-69,4961,3177,0
2021-06-23,Impfzentrum,70-79,7176,4912,0
2021-06-23,Impfzentrum,80+,7639,7130,0
2021-06-24,Impfzentrum,0-19,1039,644,0
2021-06-24,Impfzentrum,20-29,3571,2428,0
2021-06-24,Impfzentrum,30-39,4460,3153,0
2021-06-24,Impfzentrum,40-49,5349,3915,0
2021-06-24,Impfzentrum,50-59,7377,5663,0
2021-06-24,Impfzentrum,60-69,4993,3221,0
2021-06-24,Impfzentrum,70-79,7178,5047,0
2021-06-24,Impfzentrum,80+,7639,7137,0
2021-06-25,Impfzentrum,0-19,1073,658,0
2021-06-25,Impfzentrum,20-29,3650,2480,0
2021-06-25,Impfzentrum,30-39,4562,3213,0
2021-06-25,Impfzentrum,40-49,5444,3963,0
2021-06-25,Impfzentrum,50-59,7468,5701,0
2021-06-25,Impfzentrum,60-69,5055,3243,0
2021-06-25,Impfzentrum,70-79,7180,5049,0
2021-06-25,Impfzentrum,80+,7640,7143,0
2021-06-28,Impfzentrum,0-19,1147,732,0
2021-06-28,Impfzentrum,20-29,3775,2683,0
2021-06-28,Impfzentrum,30-39,4732,3399,0
2021-06-28,Impfzentrum,40-49,5621,4215,0
2021-06-28,Impfzentrum,50-59,7752,5988,0
2021-06-28,Impfzentrum,60-69,5181,3426,0
2021-06-28,Impfzentrum,70-79,7185,5210,0
2021-06-28,Impfzentrum,80+,7644,7154,0
2021-06-29,Impfzentrum,0-19,1156,754,0
2021-06-29,Impfzentrum,20-29,3807,2746,0
2021-06-29,Impfzentrum,30-39,4758,3460,0
2021-06-29,Impfzentrum,40-49,5744,4314,0
2021-06-29,Impfzentrum,50-59,7846,6097,0
2021-06-29,Impfzentrum,60-69,5194,3482,0
2021-06-29,Impfzentrum,70-79,7186,5214,0
2021-06-29,Impfzentrum,80+,7644,7154,0
2021-06-30,Impfzentrum,0-19,1164,777,0
2021-06-30,Impfzentrum,20-29,3827,2818,0
2021-06-30,Impfzentrum,30-39,4786,3562,0
2021-06-30,Impfzentrum,40-49,5803,4382,0
2021-06-30,Impfzentrum,50-59,7920,6190,0
2021-06-30,Impfzentrum,60-69,5212,3567,0
2021-06-30,Impfzentrum,70-79,7189,5327,0
2021-06-30,Impfzentrum,80+,7646,7156,0
2021-07-01,Impfzentrum,0-19,1170,793,0
2021-07-01,Impfzentrum,20-29,3839,2867,0
2021-07-01,Impfzentrum,30-39,4821,3636,0
2021-07-01,Impfzentrum,40-49,5870,4454,0
2021-07-01,Impfzentrum,50-59,7972,6280,0
2021-07-01,Impfzentrum,60-69,5221,3648,0
2021-07-01,Impfzentrum,70-79,7191,5498,0
2021-07-01,Impfzentrum,80+,7646,7161,0
2021-07-02,Impfzentrum,0-19,1233,799,0
2021-07-02,Impfzentrum,20-29,3937,2893,0
2021-07-02,Impfzentrum,30-39,4923,3656,0
2021-07-02,Impfzentrum,40-49,5941,4484,0
2021-07-02,Impfzentrum,50-59,8028,6319,0
2021-07-02,Impfzentrum,60-69,5245,3672,0
2021-07-02,Impfzentrum,70-79,7193,5501,0
2021-07-02,Impfzentrum,80+,7646,7165,0
2021-07-05,Impfzentrum,0-19,1389,805,0
2021-07-05,Impfzentrum,20-29,4171,2949,0
2021-07-05,Impfzentrum,30-39,5172,3692,0
2021-07-05,Impfzentrum,40-49,6197,4523,0
2021-07-05,Impfzentrum,50-59,8296,6354,0
2021-07-05,Impfzentrum,60-69,5323,3687,0
2021-07-05,Impfzentrum,70-79,7204,5509,0
2021-07-05,Impfzentrum,80+,7665,7171,0
2021-07-06,Impfzentrum,0-19,1449,814,0
2021-07-06,Impfzentrum,20-29,4263,2966,0
2021-07-06,Impfzentrum,30-39,5261,3714,0
2021-07-06,Impfzentrum,40-49,6257,4552,0
2021-07-06,Impfzentrum,50-59,8349,6382,0
2021-07-06,Impfzentrum,60-69,5342,3703,0
2021-07-06,Impfzentrum,70-79,7206,5514,0
2021-07-06,Impfzentrum,80+,7665,7172,0
2021-07-07,Impfzentrum,0-19,1476,815,0
2021-07-07,Impfzentrum,20-29,4296,2967,0
2021-07-07,Impfzentrum,30-39,5305,3719,0
2021-07-07,Impfzentrum,40-49,6286,4554,0
2021-07-07,Impfzentrum,50-59,8376,6385,0
2021-07-07,Impfzentrum,60-69,5347,3705,0
2021-07-07,Impfzentrum,70-79,7206,5517,0
2021-07-07,Impfzentrum,80+,7666,7172,0
2021-07-08,Impfzentrum,0-19,1490,816,0
2021-07-08,Impfzentrum,20-29,4317,2973,0
2021-07-08,Impfzentrum,30-39,5336,3720,0
2021-07-08,Impfzentrum,40-49,6299,4556,0
2021-07-08,Impfzentrum,50-59,8385,6389,0
2021-07-08,Impfzentrum,60-69,5350,3719,0
2021-07-08,Impfzentrum,70-79,7209,5536,0
2021-07-08,Impfzentrum,80+,7666,7172,0
2021-07-09,Impfzentrum,0-19,1503,818,0
2021-07-09,Impfzentrum,20-29,4362,2982,0
2021-07-09,Impfzentrum,30-39,5373,3733,0
2021-07-09,Impfzentrum,40-49,6312,4568,0
2021-07-09,Impfzentrum,50-59,8399,6405,0
2021-07-09,Impfzentrum,60-69,5354,3810,0
2021-07-09,Impfzentrum,70-79,7213,5725,0
2021-07-09,Impfzentrum,80+,7666,7176,0
2021-07-12,Impfzentrum,0-19,1547,824,0
2021-07-12,Impfzentrum,20-29,4414,3004,0
2021-07-12,Impfzentrum,30-39,5431,3756,0
2021-07-12,Impfzentrum,40-49,6342,4602,0
2021-07-12,Impfzentrum,50-59,8437,6461,0
2021-07-12,Impfzentrum,60-69,5403,4383,0
2021-07-12,Impfzentrum,70-79,7266,6523,0
2021-07-12,Impfzentrum,80+,7666,7178,0
2021-07-13,Impfzentrum,0-19,1580,832,0
2021-07-13,Impfzentrum,20-29,4437,3013,0
2021-07-13,Impfzentrum,30-39,5465,3768,0
2021-07-13,Impfzentrum,40-49,6363,4615,0
2021-07-13,Impfzentrum,50-59,8458,6491,0
2021-07-13,Impfzentrum,60-69,5406,4392,0
2021-07-13,Impfzentrum,70-79,7267,6524,0
2021-07-13,Impfzentrum,80+,7666,7178,0
2021-07-14,Impfzentrum,0-19,1606,834,0
2021-07-14,Impfzentrum,20-29,4458,3019,0
2021-07-14,Impfzentrum,30-39,5504,3775,0
2021-07-14,Impfzentrum,40-49,6382,4619,0
2021-07-14,Impfzentrum,50-59,8466,6498,0
2021-07-14,Impfzentrum,60-69,5411,4397,0
2021-07-14,Impfzentrum,70-79,7267,6524,0
2021-07-14,Impfzentrum,80+,7666,7178,0
2021-07-15,Impfzentrum,0-19,1636,836,0
2021-07-15,Impfzentrum,20-29,4473,3020,0
2021-07-15,Impfzentrum,30-39,5535,3782,0
2021-07-15,Impfzentrum,40-49,6402,4621,0
2021-07-15,Impfzentrum,50-59,8482,6503,0
2021-07-15,Impfzentrum,60-69,5414,4399,0
2021-07-15,Impfzentrum,70-79,7269,6525,0
2021-07-15,Impfzentrum,80+,7666,7180,0
2021-07-16,Impfzentrum,0-19,1641,836,0
2021-07-16,Impfzentrum,20-29,4482,3025,0
2021-07-16,Impfzentrum,30-39,5540,3787,0
2021-07-16,Impfzentrum,40-49,6415,4626,0
2021-07-16,Impfzentrum,50-59,8488,6505,0
2021-07-16,Impfzentrum,60-69,5416,4400,0
2021-07-16,Impfzentrum,70-79,7269,6525,0
2021-07-16,Impfzentrum,80+,7666,7180,0
2021-07-19,Impfzentrum,0-19,1647,836,0
2021-07-19,Impfzentrum,20-29,4485,3025,0
2021-07-19,Impfzentrum,30-39,5544,3787,0
2021-07-19,Impfzentrum,40-49,6420,4626,0
2021-07-19,Impfzentrum,50-59,8493,6510,0
2021-07-19,Impfzentrum,60-69,5416,4401,0
2021-07-19,Impfzentrum,70-79,7269,6526,0
2021-07-19,Impfzentrum,80+,7666,7180,0
2021-07-20,Impfzentrum,0-19,1888,850,0
2021-07-20,Impfzentrum,20-29,4527,3056,0
2021-07-20,Impfzentrum,30-39,5576,3814,0
2021-07-20,Impfzentrum,40-49,6451,4656,0
2021-07-20,Impfzentrum,50-59,8524,6536,0
2021-07-20,Impfzentrum,60-69,5424,4421,0
2021-07-20,Impfzentrum,70-79,7272,6526,0
2021-07-20,Impfzentrum,80+,7666,7180,0
2021-07-21,Impfzentrum,0-19,1894,855,0
2021-07-21,Impfzentrum,20-29,4542,3064,0
2021-07-21,Impfzentrum,30-39,5585,3824,0
2021-07-21,Impfzentrum,40-49,6463,4670,0
2021-07-21,Impfzentrum,50-59,8534,6546,0
2021-07-21,Impfzentrum,60-69,5424,4427,0
2021-07-21,Impfzentrum,70-79,7273,6529,0
2021-07-21,Impfzentrum,80+,7666,7180,0
2021-07-22,Impfzentrum,0-19,1902,859,0
2021-07-22,Impfzentrum,20-29,4544,3071,0
2021-07-22,Impfzentrum,30-39,5590,3835,0
2021-07-22,Impfzentrum,40-49,6465,4676,0
2021-07-22,Impfzentrum,50-59,8539,6551,0
2021-07-22,Impfzentrum,60-69,5424,4429,0
2021-07-22,Impfzentrum,70-79,7273,6529,0
2021-07-22,Impfzentrum,80+,7666,7180,0
2021-07-23,Impfzentrum,0-19,1915,865,0
2021-07-23,Impfzentrum,20-29,4549,3078,0
2021-07-23,Impfzentrum,30-39,5595,3839,0
2021-07-23,Impfzentrum,40-49,6468,4686,0
2021-07-23,Impfzentrum,50-59,8543,6559,0
2021-07-23,Impfzentrum,60-69,5424,4432,0
2021-07-23,Impfzentrum,70-79,7273,6529,0
2021-07-23,Impfzentrum,80+,7666,7180,0
2021-07-24,Impfzentrum,0-19,1932,867,0
2021-07-24,Impfzentrum,20-29,4550,3080,0
2021-07-24,Impfzentrum,30-39,5596,3840,0
2021-07-24,Impfzentrum,40-49,6468,4690,0
2021-07-24,Impfzentrum,50-59,8545,6563,0
2021-07-24,Impfzentrum,60-69,5424,4432,0
2021-07-24,Impfzentrum,70-79,7274,6529,0
2021-07-24,Impfzentrum,80+,7666,7180,0
2021-07-25,Impfzentrum,0-19,2015,875,0
2021-07-25,Impfzentrum,20-29,4564,3093,0
2021-07-25,Impfzentrum,30-39,5608,3847,0
2021-07-25,Impfzentrum,40-49,6481,4708,0
2021-07-25,Impfzentrum,50-59,8559,6598,0
2021-07-25,Impfzentrum,60-69,5426,4437,0
2021-07-25,Impfzentrum,70-79,7274,6531,0
2021-07-25,Impfzentrum,80+,7666,7180,0
2021-07-26,Impfzentrum,0-19,2025,885,0
2021-07-26,Impfzentrum,20-29,4567,3111,0
2021-07-26,Impfzentrum,30-39,5619,3863,0
2021-07-26,Impfzentrum,40-49,6484,4733,0
2021-07-26,Impfzentrum,50-59,8563,6616,0
2021-07-26,Impfzentrum,60-69,5428,4447,0
2021-07-26,Impfzentrum,70-79,7275,6531,0
2021-07-26,Impfzentrum,80+,7666,7180,0
2021-07-27,Impfzentrum,0-19,2048,900,0
2021-07-27,Impfzentrum,20-29,4577,3139,0
2021-07-27,Impfzentrum,30-39,5632,3897,0
2021-07-27,Impfzentrum,40-49,6492,4782,0
2021-07-27,Impfzentrum,50-59,8572,6670,0
2021-07-27,Impfzentrum,60-69,5431,4463,0
2021-07-27,Impfzentrum,70-79,7276,6532,0
2021-07-27,Impfzentrum,80+,7667,7180,0
2021-07-28,Impfzentrum,0-19,2084,907,0
2021-07-28,Impfzentrum,20-29,4586,3184,0
2021-07-28,Impfzentrum,30-39,5641,3937,0
2021-07-28,Impfzentrum,40-49,6499,4828,0
2021-07-28,Impfzentrum,50-59,8583,6716,0
2021-07-28,Impfzentrum,60-69,5432,4483,0
2021-07-28,Impfzentrum,70-79,7280,6533,0
2021-07-28,Impfzentrum,80+,7667,7180,0
2021-07-29,Impfzentrum,0-19,2103,918,0
2021-07-29,Impfzentrum,20-29,4593,3212,0
2021-07-29,Impfzentrum,30-39,5647,3968,0
2021-07-29,Impfzentrum,40-49,6510,4847,0
2021-07-29,Impfzentrum,50-59,8590,6736,0
2021-07-29,Impfzentrum,60-69,5437,4489,0
2021-07-29,Impfzentrum,70-79,7280,6534,0
2021-07-29,Impfzentrum,80+,7667,7180,0
2021-07-30,Impfzentrum,0-19,2134,928,0
2021-07-30,Impfzentrum,20-29,4607,3229,0
2021-07-30,Impfzentrum,30-39,5660,3986,0
2021-07-30,Impfzentrum,40-49,6513,4869,0
2021-07-30,Impfzentrum,50-59,8600,6763,0
2021-07-30,Impfzentrum,60-69,5447,4490,0
2021-07-30,Impfzentrum,70-79,7282,6534,0
2021-07-30,Impfzentrum,80+,7667,7180,0
2021-07-31,Impfzentrum,0-19,2205,951,0
2021-07-31,Impfzentrum,20-29,4621,3260,0
2021-07-31,Impfzentrum,30-39,5674,4007,0
2021-07-31,Impfzentrum,40-49,6529,4905,0
2021-07-31,Impfzentrum,50-59,8606,6801,0
2021-07-31,Impfzentrum,60-69,5449,4500,0
2021-07-31,Impfzentrum,70-79,7282,6536,0
2021-07-31,Impfzentrum,80+,7667,7180,0
2021-08-01,Impfzentrum,0-19,2237,971,0
2021-08-01,Impfzentrum,20-29,4639,3320,0
2021-08-01,Impfzentrum,30-39,5697,4055,0
2021-08-01,Impfzentrum,40-49,6548,4948,0
2021-08-01,Impfzentrum,50-59,8613,6863,0
2021-08-01,Impfzentrum,60-69,5450,4504,0
2021-08-01,Impfzentrum,70-79,7284,6543,0
2021-08-01,Impfzentrum,80+,7667,7180,0
2021-08-02,Impfzentrum,0-19,2282,997,0
2021-08-02,Impfzentrum,20-29,4667,3378,0
2021-08-02,Impfzentrum,30-39,5723,4120,0
2021-08-02,Impfzentrum,40-49,6575,5012,0
2021-08-02,Impfzentrum,50-59,8635,6925,0
2021-08-02,Impfzentrum,60-69,5454,4535,0
2021-08-02,Impfzentrum,70-79,7284,6548,0
2021-08-02,Impfzentrum,80+,7667,7180,0
2021-08-03,Impfzentrum,0-19,2314,1013,0
2021-08-03,Impfzentrum,20-29,4686,3418,0
2021-08-03,Impfzentrum,30-39,5742,4152,0
2021-08-03,Impfzentrum,40-49,6588,5042,0
2021-08-03,Impfzentrum,50-59,8645,6962,0
2021-08-03,Impfzentrum,60-69,5456,4555,0
2021-08-03,Impfzentrum,70-79,7284,6548,0
2021-08-03,Impfzentrum,80+,7667,7180,0
2021-08-04,Impfzentrum,0-19,2323,1030,0
2021-08-04,Impfzentrum,20-29,4700,3449,0
2021-08-04,Impfzentrum,30-39,5752,4188,0
2021-08-04,Impfzentrum,40-49,6596,5082,0
2021-08-04,Impfzentrum,50-59,8654,7004,0
2021-08-04,Impfzentrum,60-69,5458,4573,0
2021-08-04,Impfzentrum,70-79,7285,6550,0
2021-08-04,Impfzentrum,80+,7668,7180,0
2021-08-05,Impfzentrum,0-19,2335,1069,0
2021-08-05,Impfzentrum,20-29,4715,3499,0
2021-08-05,Impfzentrum,30-39,5758,4231,0
2021-08-05,Impfzentrum,40-49,6604,5131,0
2021-08-05,Impfzentrum,50-59,8662,7054,0
2021-08-05,Impfzentrum,60-69,5458,4611,0
2021-08-05,Impfzentrum,70-79,7289,6551,0
2021-08-05,Impfzentrum,80+,7669,7180,0
2021-08-06,Impfzentrum,0-19,2349,1118,0
2021-08-06,Impfzentrum,20-29,4729,3612,0
2021-08-06,Impfzentrum,30-39,5780,4364,0
2021-08-06,Impfzentrum,40-49,6629,5245,0
2021-08-06,Impfzentrum,50-59,8673,7159,0
2021-08-06,Impfzentrum,60-69,5464,4683,0
2021-08-06,Impfzentrum,70-79,7293,6556,0
2021-08-06,Impfzentrum,80+,7671,7185,0
2021-08-07,Impfzentrum,0-19,2373,1134,0
2021-08-07,Impfzentrum,20-29,4745,3636,0
2021-08-07,Impfzentrum,30-39,5800,4395,0
2021-08-07,Impfzentrum,40-49,6644,5295,0
2021-08-07,Impfzentrum,50-59,8683,7200,0
2021-08-07,Impfzentrum,60-69,5468,4716,0
2021-08-07,Impfzentrum,70-79,7294,6556,0
2021-08-07,Impfzentrum,80+,7671,7186,0
2021-08-08,Impfzentrum,0-19,2388,1151,0
2021-08-08,Impfzentrum,20-29,4757,3670,0
2021-08-08,Impfzentrum,30-39,5814,4437,0
2021-08-08,Impfzentrum,40-49,6653,5333,0
2021-08-08,Impfzentrum,50-59,8694,7251,0
2021-08-08,Impfzentrum,60-69,5470,4749,0
2021-08-08,Impfzentrum,70-79,7294,6556,0
2021-08-08,Impfzentrum,80+,7671,7186,0
2021-08-09,Impfzentrum,0-19,2407,1197,0
2021-08-09,Impfzentrum,20-29,4767,3731,0
2021-08-09,Impfzentrum,30-39,5827,4525,0
2021-08-09,Impfzentrum,40-49,6659,5409,0
2021-08-09,Impfzentrum,50-59,8700,7406,0
2021-08-09,Impfzentrum,60-69,5472,4797,0
2021-08-09,Impfzentrum,70-79,7296,6557,0
2021-08-09,Impfzentrum,80+,7671,7186,0
2021-08-10,Impfzentrum,0-19,2422,1222,0
2021-08-10,Impfzentrum,20-29,4777,3772,0
2021-08-10,Impfzentrum,30-39,5838,4559,0
2021-08-10,Impfzentrum,40-49,6667,5500,0
2021-08-10,Impfzentrum,50-59,8711,7477,0
2021-08-10,Impfzentrum,60-69,5474,4809,0
2021-08-10,Impfzentrum,70-79,7298,6557,0
2021-08-10,Impfzentrum,80+,7672,7186,0
2021-08-11,Impfzentrum,0-19,2437,1233,0
2021-08-11,Impfzentrum,20-29,4785,3799,0
2021-08-11,Impfzentrum,30-39,5853,4588,0
2021-08-11,Impfzentrum,40-49,6680,5548,0
2021-08-11,Impfzentrum,50-59,8722,7538,0
2021-08-11,Impfzentrum,60-69,5478,4825,0
2021-08-11,Impfzentrum,70-79,7299,6559,0
2021-08-11,Impfzentrum,80+,7673,7187,0
2021-08-12,Impfzentrum,0-19,2451,1255,0
2021-08-12,Impfzentrum,20-29,4801,3826,0
2021-08-12,Impfzentrum,30-39,5859,4628,0
2021-08-12,Impfzentrum,40-49,6698,5618,0
2021-08-12,Impfzentrum,50-59,8735,7588,0
2021-08-12,Impfzentrum,60-69,5481,4836,0
2021-08-12,Impfzentrum,70-79,7301,6562,0
2021-08-12,Impfzentrum,80+,7673,7188,0
2021-08-13,Impfzentrum,0-19,2467,1305,0
2021-08-13,Impfzentrum,20-29,4812,3890,0
2021-08-13,Impfzentrum,30-39,5875,4703,0
2021-08-13,Impfzentrum,40-49,6713,5657,0
2021-08-13,Impfzentrum,50-59,8748,7635,0
2021-08-13,Impfzentrum,60-69,5486,4848,0
2021-08-13,Impfzentrum,70-79,7301,6565,0
2021-08-13,Impfzentrum,80+,7676,7188,0
2021-08-14,Impfzentrum,0-19,2491,1381,0
2021-08-14,Impfzentrum,20-29,4826,3987,0
2021-08-14,Impfzentrum,30-39,5895,4801,0
2021-08-14,Impfzentrum,40-49,6723,5737,0
2021-08-14,Impfzentrum,50-59,8762,7739,0
2021-08-14,Impfzentrum,60-69,5487,4890,0
2021-08-14,Impfzentrum,70-79,7302,6567,0
2021-08-14,Impfzentrum,80+,7677,7188,0
2021-08-15,Impfzentrum,0-19,2502,1440,0
2021-08-15,Impfzentrum,20-29,4848,4066,0
2021-08-15,Impfzentrum,30-39,5907,4876,0
2021-08-15,Impfzentrum,40-49,6735,5826,0
2021-08-15,Impfzentrum,50-59,8769,7842,0
2021-08-15,Impfzentrum,60-69,5490,4900,0
2021-08-15,Impfzentrum,70-79,7302,6568,0
2021-08-15,Impfzentrum,80+,7678,7188,0
2021-08-16,Impfzentrum,0-19,2506,1463,0
2021-08-16,Impfzentrum,20-29,4856,4104,0
2021-08-16,Impfzentrum,30-39,5911,4917,0
2021-08-16,Impfzentrum,40-49,6738,5861,0
2021-08-16,Impfzentrum,50-59,8776,7871,0
2021-08-16,Impfzentrum,60-69,5495,4908,0
2021-08-16,Impfzentrum,70-79,7305,6569,0
2021-08-16,Impfzentrum,80+,7678,7189,0
2021-08-17,Impfzentrum,0-19,2548,1497,0
2021-08-17,Impfzentrum,20-29,4864,4155,0
2021-08-17,Impfzentrum,30-39,5924,4980,0
2021-08-17,Impfzentrum,40-49,6745,5905,0
2021-08-17,Impfzentrum,50-59,8778,7908,0
2021-08-17,Impfzentrum,60-69,5499,4916,0
2021-08-17,Impfzentrum,70-79,7306,6569,0
2021-08-17,Impfzentrum,80+,7679,7189,0
2021-08-18,Impfzentrum,0-19,2583,1544,0
2021-08-18,Impfzentrum,20-29,4873,4197,0
2021-08-18,Impfzentrum,30-39,5939,5026,0
2021-08-18,Impfzentrum,40-49,6757,5933,0
2021-08-18,Impfzentrum,50-59,8787,7942,0
2021-08-18,Impfzentrum,60-69,5507,4925,0
2021-08-18,Impfzentrum,70-79,7308,6569,0
2021-08-18,Impfzentrum,80+,7679,7191,0
2021-08-19,Impfzentrum,0-19,2612,1567,0
2021-08-19,Impfzentrum,20-29,4885,4222,0
2021-08-19,Impfzentrum,30-39,5948,5055,0
2021-08-19,Impfzentrum,40-49,6761,5956,0
2021-08-19,Impfzentrum,50-59,8796,7960,0
2021-08-19,Impfzentrum,60-69,5511,4929,0
2021-08-19,Impfzentrum,70-79,7311,6572,0
2021-08-19,Impfzentrum,80+,7680,7192,0
2021-08-20,Impfzentrum,0-19,2644,1590,0
2021-08-20,Impfzentrum,20-29,4903,4260,0
2021-08-20,Impfzentrum,30-39,5960,5081,0
2021-08-20,Impfzentrum,40-49,6764,5966,0
2021-08-20,Impfzentrum,50-59,8801,7976,0
2021-08-20,Impfzentrum,60-69,5518,4938,0
2021-08-20,Impfzentrum,70-79,7312,6573,0
2021-08-20,Impfzentrum,80+,7680,7193,0
2021-08-22,Impfzentrum,0-19,2707,1646,0
2021-08-22,Impfzentrum,20-29,4941,4306,0
2021-08-22,Impfzentrum,30-39,5987,5128,0
2021-08-22,Impfzentrum,40-49,6791,6006,0
2021-08-22,Impfzentrum,50-59,8817,8014,0
2021-08-22,Impfzentrum,60-69,5526,4950,0
2021-08-22,Impfzentrum,70-79,7314,6574,0
2021-08-22,Impfzentrum,80+,7681,7193,0
2021-08-24,Impfzentrum,0-19,2763,1721,0
2021-08-24,Impfzentrum,20-29,4972,4370,0
2021-08-24,Impfzentrum,30-39,6009,5217,0
2021-08-24,Impfzentrum,40-49,6816,6060,0
2021-08-24,Impfzentrum,50-59,8830,80570,0
2021-08-24,Impfzentrum,60-69,5530,4958,0
2021-08-24,Impfzentrum,70-79,7315,6575,0
2021-08-24,Impfzentrum,80+,7681,7193,0
2021-08-25,Impfzentrum,0-19,2815,1773,0
2021-08-25,Impfzentrum,20-29,4991,4395,0
2021-08-25,Impfzentrum,30-39,6028,5277,0
2021-08-25,Impfzentrum,40-49,6832,6103,0
2021-08-25,Impfzentrum,50-59,8846,8098,0
2021-08-25,Impfzentrum,60-69,5535,4967,0
2021-08-25,Impfzentrum,70-79,7315,6576,0
2021-08-25,Impfzentrum,80+,7683,7193,0
2021-08-26,Impfzentrum,0-19,2842,1792,0
2021-08-26,Impfzentrum,20-29,5002,4422,0
2021-08-26,Impfzentrum,30-39,6042,5299,0
2021-08-26,Impfzentrum,40-49,6841,6108,0
2021-08-26,Impfzentrum,50-59,8854,8109,0
2021-08-26,Impfzentrum,60-69,5536,4968,0
2021-08-26,Impfzentrum,70-79,7315,6579,0
2021-08-26,Impfzentrum,80+,7683,7193,0
2021-08-27,Impfzentrum,0-19,2877,1822,0
2021-08-27,Impfzentrum,20-29,5029,4441,0
2021-08-27,Impfzentrum,30-39,6054,5323,0
2021-08-27,Impfzentrum,40-49,6853,6132,0
2021-08-27,Impfzentrum,50-59,8867,8124,0
2021-08-27,Impfzentrum,60-69,5541,4977,0
2021-08-27,Impfzentrum,70-79,7316,6581,0
2021-08-27,Impfzentrum,80+,7683,7193,0
2021-08-28,Impfzentrum,0-19,2944,1945,0
2021-08-28,Impfzentrum,20-29,5055,4473,0
2021-08-28,Impfzentrum,30-39,6077,5342,0
2021-08-28,Impfzentrum,40-49,6868,6147,0
2021-08-28,Impfzentrum,50-59,8886,8151,0
2021-08-28,Impfzentrum,60-69,5544,4981,0
2021-08-28,Impfzentrum,70-79,7317,6582,0
2021-08-28,Impfzentrum,80+,7683,7193,0
2021-08-29,Impfzentrum,0-19,2957,1968,0
2021-08-29,Impfzentrum,20-29,5066,4484,0
2021-08-29,Impfzentrum,30-39,6088,5353,0
2021-08-29,Impfzentrum,40-49,6873,6155,0
2021-08-29,Impfzentrum,50-59,8887,8161,0
2021-08-29,Impfzentrum,60-69,5548,4983,0
2021-08-29,Impfzentrum,70-79,7317,6585,0
2021-08-29,Impfzentrum,80+,7683,7193,0
2021-08-30,Impfzentrum,0-19,3000,2012,0
2021-08-30,Impfzentrum,20-29,5086,4500,0
2021-08-30,Impfzentrum,30-39,6111,5374,0
2021-08-30,Impfzentrum,40-49,6888,6178,0
2021-08-30,Impfzentrum,50-59,8898,8180,0
2021-08-30,Impfzentrum,60-69,5550,4990,0
2021-08-30,Impfzentrum,70-79,7317,6588,0
2021-08-30,Impfzentrum,80+,7685,7193,0
2021-08-31,Impfzentrum,0-19,3028,2037,0
2021-08-31,Impfzentrum,20-29,5103,4521,0
2021-08-31,Impfzentrum,30-39,6134,5391,0
2021-08-31,Impfzentrum,40-49,6896,6194,0
2021-08-31,Impfzentrum,50-59,8913,8190,0
2021-08-31,Impfzentrum,60-69,5554,4992,0
2021-08-31,Impfzentrum,70-79,7318,6593,0
2021-08-31,Impfzentrum,80+,7686,7193,0
2021-09-01,Impfzentrum,0-19,3064,2063,0
2021-09-01,Impfzentrum,20-29,5116,4547,0
2021-09-01,Impfzentrum,30-39,6144,5416,0
2021-09-01,Impfzentrum,40-49,6904,6215,0
2021-09-01,Impfzentrum,50-59,8927,8203,0
2021-09-01,Impfzentrum,60-69,5558,4998,0
2021-09-01,Impfzentrum,70-79,7320,6597,0
2021-09-01,Impfzentrum,80+,7687,7196,0
2021-09-02,Impfzentrum,0-19,3080,2078,0
2021-09-02,Impfzentrum,20-29,5136,4582,0
2021-09-02,Impfzentrum,30-39,6154,5435,0
2021-09-02,Impfzentrum,40-49,6916,6235,0
2021-09-02,Impfzentrum,50-59,8935,8217,0
2021-09-02,Impfzentrum,60-69,5560,5001,0
2021-09-02,Impfzentrum,70-79,7321,6599,0
2021-09-02,Impfzentrum,80+,7687,7196,0
2021-09-03,Impfzentrum,0-19,3096,2102,0
2021-09-03,Impfzentrum,20-29,5142,4594,0
2021-09-03,Impfzentrum,30-39,6164,5455,0
2021-09-03,Impfzentrum,40-49,6925,6248,0
2021-09-03,Impfzentrum,50-59,8937,8226,0
2021-09-03,Impfzentrum,60-69,5562,5007,0
2021-09-03,Impfzentrum,70-79,7322,6600,0
2021-09-03,Impfzentrum,80+,7688,7198,0
2021-09-04,Impfzentrum,0-19,3113,2145,0
2021-09-04,Impfzentrum,20-29,5159,4622,0
2021-09-04,Impfzentrum,30-39,6177,5473,0
2021-09-04,Impfzentrum,40-49,6931,6261,0
2021-09-04,Impfzentrum,50-59,8948,8243,0
2021-09-04,Impfzentrum,60-69,5568,5009,0
2021-09-04,Impfzentrum,70-79,7323,6602,0
2021-09-04,Impfzentrum,80+,7689,7199,0
2021-09-05,Impfzentrum,0-19,3141,2177,0
2021-09-05,Impfzentrum,20-29,5166,4631,0
2021-09-05,Impfzentrum,30-39,6194,5480,0
2021-09-05,Impfzentrum,40-49,6944,6276,0
2021-09-05,Impfzentrum,50-59,8953,8250,0
2021-09-05,Impfzentrum,60-69,5569,5010,0
2021-09-05,Impfzentrum,70-79,7325,6602,0
2021-09-05,Impfzentrum,80+,7689,7200,0
2021-09-06,Impfzentrum,0-19,3174,2214,0
2021-09-06,Impfzentrum,20-29,5174,4636,0
2021-09-06,Impfzentrum,30-39,6213,5491,0
2021-09-06,Impfzentrum,40-49,6952,6283,0
2021-09-06,Impfzentrum,50-59,8955,8252,0
2021-09-06,Impfzentrum,60-69,5570,5013,0
2021-09-06,Impfzentrum,70-79,7325,6604,0
2021-09-06,Impfzentrum,80+,7689,7200,0
2021-09-07,Impfzentrum,0-19,3202,2236,0
2021-09-07,Impfzentrum,20-29,5189,4647,0
2021-09-07,Impfzentrum,30-39,6223,5514,0
2021-09-07,Impfzentrum,40-49,6962,6293,0
2021-09-07,Impfzentrum,50-59,8957,8258,0
2021-09-07,Impfzentrum,60-69,5572,5014,0
2021-09-07,Impfzentrum,70-79,7326,6607,0
2021-09-07,Impfzentrum,80+,7689,7201,0
2021-09-08,Impfzentrum,0-19,3231,2255,0
2021-09-08,Impfzentrum,20-29,5203,4654,0
2021-09-08,Impfzentrum,30-39,6230,5528,0
2021-09-08,Impfzentrum,40-49,6965,6308,0
2021-09-08,Impfzentrum,50-59,8961,8269,0
2021-09-08,Impfzentrum,60-69,5574,5016,0
2021-09-08,Impfzentrum,70-79,7326,6607,0
2021-09-08,Impfzentrum,80+,7689,7201,0
2021-09-09,Impfzentrum,0-19,3276,2285,0
2021-09-09,Impfzentrum,20-29,5217,4671,0
2021-09-09,Impfzentrum,30-39,6249,5538,0
2021-09-09,Impfzentrum,40-49,6969,6317,0
2021-09-09,Impfzentrum,50-59,8966,8272,0
2021-09-09,Impfzentrum,60-69,5579,5022,0
2021-09-09,Impfzentrum,70-79,7329,6609,0
2021-09-09,Impfzentrum,80+,7689,7201,0
2021-09-10,Impfzentrum,0-19,3302,2327,0
2021-09-10,Impfzentrum,20-29,5222,4681,0
2021-09-10,Impfzentrum,30-39,6260,5560,0
2021-09-10,Impfzentrum,40-49,6976,6333,0
2021-09-10,Impfzentrum,50-59,8970,8282,0
2021-09-10,Impfzentrum,60-69,5580,5031,0
2021-09-10,Impfzentrum,70-79,7333,6611,0
2021-09-10,Impfzentrum,80+,7692,7202,0
2021-09-11,Impfzentrum,0-19,3370,2425,0
2021-09-11,Impfzentrum,20-29,5237,4707,0
2021-09-11,Impfzentrum,30-39,6273,5589,0
2021-09-11,Impfzentrum,40-49,6984,6348,0
2021-09-11,Impfzentrum,50-59,8979,8311,0
2021-09-11,Impfzentrum,60-69,5582,5043,0
2021-09-11,Impfzentrum,70-79,7335,6616,0
2021-09-11,Impfzentrum,80+,7693,7203,0
2021-09-12,Impfzentrum,0-19,3401,2471,0
2021-09-12,Impfzentrum,20-29,5251,4724,0
2021-09-12,Impfzentrum,30-39,6282,5614,0
2021-09-12,Impfzentrum,40-49,6994,6367,0
2021-09-12,Impfzentrum,50-59,8989,8322,0
2021-09-12,Impfzentrum,60-69,5583,5045,0
2021-09-12,Impfzentrum,70-79,7335,6618,0
2021-09-12,Impfzentrum,80+,7693,7203,0
2021-09-13,Impfzentrum,0-19,3416,0,0
2021-09-13,Impfzentrum,20-29,5258,0,0
2021-09-13,Impfzentrum,30-39,6290,0,0
2021-09-13,Impfzentrum,40-49,7001,0,0
2021-09-13,Impfzentrum,50-59,8992,0,0
2021-09-13,Impfzentrum,60-69,5584,0,0
2021-09-13,Impfzentrum,70-79,7335,0,0
2021-09-13,Impfzentrum,80+,7335,0,0
2021-09-14,Impfzentrum,0-19,3447,2540,0
2021-09-14,Impfzentrum,20-29,5288,4776,0
2021-09-14,Impfzentrum,30-39,6316,5668,0
2021-09-14,Impfzentrum,40-49,7014,6397,0
2021-09-14,Impfzentrum,50-59,9008,8359,0
2021-09-14,Impfzentrum,60-69,5589,5063,0
2021-09-14,Impfzentrum,70-79,7340,6621,0
2021-09-14,Impfzentrum,80+,7695,7203,0
2021-09-15,Impfzentrum,0-19,3452,2547,0
2021-09-15,Impfzentrum,20-29,5295,4786,0
2021-09-15,Impfzentrum,30-39,6326,5683,0
2021-09-15,Impfzentrum,40-49,7025,6405,0
2021-09-15,Impfzentrum,50-59,9013,8366,0
2021-09-15,Impfzentrum,60-69,5591,5063,0
2021-09-15,Impfzentrum,70-79,7340,6622,0
2021-09-15,Impfzentrum,80+,7695,7203,0
2021-09-16,Impfzentrum,0-19,3470,2555,0
2021-09-16,Impfzentrum,20-29,5311,4801,0
2021-09-16,Impfzentrum,30-39,6333,5690,0
2021-09-16,Impfzentrum,40-49,7031,6419,0
2021-09-16,Impfzentrum,50-59,9016,8376,0
2021-09-16,Impfzentrum,60-69,5594,5064,0
2021-09-16,Impfzentrum,70-79,7341,6623,0
2021-09-16,Impfzentrum,80+,7695,7204,0
2021-09-17,Impfzentrum,0-19,3486,2566,0
2021-09-17,Impfzentrum,20-29,5317,4819,0
2021-09-17,Impfzentrum,30-39,6351,5708,0
2021-09-17,Impfzentrum,40-49,7038,6439,0
2021-09-17,Impfzentrum,50-59,9025,8386,0
2021-09-17,Impfzentrum,60-69,5598,5068,0
2021-09-17,Impfzentrum,70-79,7342,6629,0
2021-09-17,Impfzentrum,80+,7698,7205,0
2021-09-18,Impfzentrum,0-19,3549,2649,0
2021-09-18,Impfzentrum,20-29,5337,4850,0
2021-09-18,Impfzentrum,30-39,6369,5727,0
2021-09-18,Impfzentrum,40-49,7055,6468,0
2021-09-18,Impfzentrum,50-59,9032,8403,0
2021-09-18,Impfzentrum,60-69,5602,5070,0
2021-09-18,Impfzentrum,70-79,7344,6629,0
2021-09-18,Impfzentrum,80+,7700,7206,0
2021-09-19,Impfzentrum,0-19,3571,2671,0
2021-09-19,Impfzentrum,20-29,5352,4875,0
2021-09-19,Impfzentrum,30-39,6379,5743,0
2021-09-19,Impfzentrum,40-49,7063,6484,0
2021-09-19,Impfzentrum,50-59,9042,8408,0
2021-09-19,Impfzentrum,60-69,5605,5076,0
2021-09-19,Impfzentrum,70-79,7345,6629,0
2021-09-19,Impfzentrum,80+,7701,7206,0
2021-09-20,Impfzentrum,0-19,3607,2733,1
2021-09-20,Impfzentrum,20-29,5376,4928,14
2021-09-20,Impfzentrum,30-39,6401,5789,15
2021-09-20,Impfzentrum,40-49,7079,6514,24
2021-09-20,Impfzentrum,50-59,9052,8429,21
2021-09-20,Impfzentrum,60-69,5612,5086,20
2021-09-20,Impfzentrum,70-79,7348,6633,5
2021-09-20,Impfzentrum,80+,7702,7208,178
2021-09-21,Impfzentrum,0-19,3608,2735,1
2021-09-21,Impfzentrum,20-29,5377,4929,14
2021-09-21,Impfzentrum,30-39,6405,5792,15
2021-09-21,Impfzentrum,40-49,7081,6516,24
2021-09-21,Impfzentrum,50-59,9054,8432,21
2021-09-21,Impfzentrum,60-69,5612,5088,20
2021-09-21,Impfzentrum,70-79,7349,6634,5
2021-09-21,Impfzentrum,80+,7702,7208,180
2021-09-22,Impfzentrum,0-19,3618,2753,1
2021-09-22,Impfzentrum,20-29,5383,4949,14
2021-09-22,Impfzentrum,30-39,6417,5803,15
2021-09-22,Impfzentrum,40-49,7099,6531,24
2021-09-22,Impfzentrum,50-59,9061,8448,24
2021-09-22,Impfzentrum,60-69,5613,5092,21
2021-09-22,Impfzentrum,70-79,7350,6637,8
2021-09-22,Impfzentrum,80+,7702,7209,192
2021-09-23,Impfzentrum,0-19,3629,2768,1
2021-09-23,Impfzentrum,20-29,5390,4964,16
2021-09-23,Impfzentrum,30-39,6427,5817,15
2021-09-23,Impfzentrum,40-49,7100,6543,26
2021-09-23,Impfzentrum,50-59,9068,8460,25
2021-09-23,Impfzentrum,60-69,5614,5095,21
2021-09-23,Impfzentrum,70-79,7350,6638,8
2021-09-23,Impfzentrum,80+,7702,7209,200
2021-09-24,Impfzentrum,0-19,3660,2832,1
2021-09-24,Impfzentrum,20-29,5402,4983,16
2021-09-24,Impfzentrum,30-39,6444,5836,16
2021-09-24,Impfzentrum,40-49,7106,6561,29
2021-09-24,Impfzentrum,50-59,9079,8484,27
2021-09-24,Impfzentrum,60-69,5616,5101,24
2021-09-24,Impfzentrum,70-79,7353,6642,10
2021-09-24,Impfzentrum,80+,7702,7212,208
2021-09-25,Impfzentrum,0-19,3676,2868,2
2021-09-25,Impfzentrum,20-29,5410,5008,17
2021-09-25,Impfzentrum,30-39,6459,5864,17
2021-09-25,Impfzentrum,40-49,7116,6584,29
2021-09-25,Impfzentrum,50-59,9081,8492,27
2021-09-25,Impfzentrum,60-69,5617,5104,24
2021-09-25,Impfzentrum,70-79,7354,6642,10
2021-09-25,Impfzentrum,80+,7702,7212,208
2021-09-26,Impfzentrum,0-19,3681,2888,2
2021-09-26,Impfzentrum,20-29,5412,5014,17
2021-09-26,Impfzentrum,30-39,6462,5871,17
2021-09-26,Impfzentrum,40-49,7118,6593,29
2021-09-26,Impfzentrum,50-59,9084,8501,27
2021-09-26,Impfzentrum,60-69,5617,5107,24
2021-09-26,Impfzentrum,70-79,7354,6642,10
2021-09-26,Impfzentrum,80+,7702,7212,213
2021-09-27,Impfzentrum,0-19,3696,2910,2
2021-09-27,Impfzentrum,20-29,5427,5048,18
2021-09-27,Impfzentrum,30-39,6470,5877,17
2021-09-27,Impfzentrum,40-49,7123,6606,30
2021-09-27,Impfzentrum,50-59,9088,8511,28
2021-09-27,Impfzentrum,60-69,5620,5114,24
2021-09-27,Impfzentrum,70-79,7355,6644,10
2021-09-27,Impfzentrum,80+,7703,7214,228
2021-09-28,Impfzentrum,0-19,3707,2931,2
2021-09-28,Impfzentrum,20-29,5430,5059,18
2021-09-28,Impfzentrum,30-39,6479,5898,17
2021-09-28,Impfzentrum,40-49,7131,6610,31
2021-09-28,Impfzentrum,50-59,9089,8517,29
2021-09-28,Impfzentrum,60-69,5622,5116,24
2021-09-28,Impfzentrum,70-79,7355,6646,10
2021-09-28,Impfzentrum,80+,7703,7214,235
2021-09-29,Impfzentrum,0-19,3723,2960,3
2021-09-29,Impfzentrum,20-29,5440,5083,18
2021-09-29,Impfzentrum,30-39,6486,5914,18
2021-09-29,Impfzentrum,40-49,7133,6630,32
2021-09-29,Impfzentrum,50-59,9091,8527,32
2021-09-29,Impfzentrum,60-69,5624,5119,24
2021-09-29,Impfzentrum,70-79,7357,6647,11
2021-09-29,Impfzentrum,80+,7703,7214,251
2021-09-30,Impfzentrum,0-19,3735,2997,3
2021-09-30,Impfzentrum,20-29,5447,5101,20
2021-09-30,Impfzentrum,30-39,6493,5930,20
2021-09-30,Impfzentrum,40-49,7139,6639,32
2021-09-30,Impfzentrum,50-59,9094,8536,33
2021-09-30,Impfzentrum,60-69,5624,5121,24
2021-09-30,Impfzentrum,70-79,7357,6648,11
2021-09-30,Impfzentrum,80+,7703,7214,264
2021-10-01,Impfzentrum,0-19,3775,3073,3
2021-10-01,Impfzentrum,20-29,5461,5129,21
2021-10-01,Impfzentrum,30-39,6506,5955,21
2021-10-01,Impfzentrum,40-49,7146,6653,33
2021-10-01,Impfzentrum,50-59,9096,8549,35
2021-10-01,Impfzentrum,60-69,5630,5128,25
2021-10-01,Impfzentrum,70-79,7358,6650,11
2021-10-01,Impfzentrum,80+,7704,7215,277
2021-10-03,Impfzentrum,0-19,3781,3085,3
2021-10-03,Impfzentrum,20-29,5467,5139,21
2021-10-03,Impfzentrum,30-39,6513,5966,21
2021-10-03,Impfzentrum,40-49,7148,6662,38
2021-10-03,Impfzentrum,50-59,9098,8560,37
2021-10-03,Impfzentrum,60-69,5631,5128,27
2021-10-03,Impfzentrum,70-79,7358,6650,11
2021-10-03,Impfzentrum,80+,7704,7217,295
