Gemeinde;Gemeindename;Wahlkreisnummer;Gebietsnummer;Gebietsart;Gebietsname;Bezirksnummer;Ausgezaehlt abweichend Gebiet;Ausgezaehlt abweichend AGS;Ausbleibend;Wahlberechtigte gesamt (A);Wahlberechtigte ohne Wahlschein (A1);Wahlberechtigte mit Wahlschein (A2);Wahlberechtigte nicht im WVZ (A3);Waehler gesamt (B);Waehler ohne Wahlschein;Waehler mit Wahlschein;Urnenwaehler mit Wahlschein in Urnenwahllokal;Briefwaehler mit Wahlschein in Urnenwahllokal;Direktstimmen ungueltige (C);Direktstimmen gueltige (D);D1;D2;D3;D4;D5;D6;D7;D11;D13;D18;Listenstimmen ungueltige (E);Listenstimmen gueltige (F);F1;F2;F3;F4;F5;F6;F7;F8;F9;F10;F11;F12;F13;F14;F15;F16;F17;
;;212;212;WAHLKREIS;Erding – Ebersberg;;;;N;201032;0;0;0;175170;78333;96837;0;0;727;174443;80087;17609;23383;6323;27275;7059;6856;2472;2012;1367;439;174731;70010;17630;22730;8831;28849;7524;8824;600;1418;695;1023;375;1212;129;31;170;4680;
;;212;09175000;KREIS;Landkreis Ebersberg;;;;N;100425;0;0;0;88419;41381;47038;0;0;364;88055;39577;9854;14193;3625;11661;2723;3518;921;1087;896;210;88209;34687;9850;13719;4893;12540;2806;4640;288;719;358;421;196;637;62;11;81;2301;
09175111;Anzing;212;09175111;GEMEINDE;Anzing;;;;N;3124;0;0;0;2809;1188;1621;0;0;10;2799;1436;290;358;99;376;77;81;26;19;37;7;2802;1265;323;314;143;412;90;119;10;25;8;13;8;8;2;1;0;61;
09175111;Anzing;212;091751110001;STIMMBEZIRK;Stimmbezirk 1, Gruppenraum 1, EG, E.14;0001;;;N;1597;0;0;0;621;621;0;0;0;0;621;293;57;77;14;127;12;25;7;5;4;1;620;247;57;73;23;137;17;37;2;8;2;1;2;1;2;1;0;10;
09175111;Anzing;212;091751110002;STIMMBEZIRK;Stimmbezirk 2, Gruppenraum 2, EG, E.20;0002;;;N;1527;0;0;0;567;567;0;0;0;4;563;270;57;71;24;96;14;10;5;2;14;2;565;239;64;63;33;104;13;20;3;3;0;4;2;2;0;0;0;15;
09175111;Anzing;212;091751110011;BRIEFWAHLBEZIRK;BW 11, Gruppenraum 5, OG, O.02;0011;;;N;0;0;0;0;816;0;816;0;0;5;811;465;80;78;31;87;22;26;5;10;7;3;813;409;82;68;40;106;38;35;3;7;5;2;0;3;0;0;0;15;
09175111;Anzing;212;091751110012;BRIEFWAHLBEZIRK;BW 12, Gruppenraum 3, OG, O.14;0012;;;N;0;0;0;0;805;0;805;0;0;1;804;408;96;132;30;66;29;20;9;2;12;1;804;370;120;110;47;65;22;27;2;7;1;6;4;2;0;0;0;21;
09175115;Ebersberg;212;09175115;GEMEINDE;Ebersberg;;;;N;8650;0;0;0;7570;3544;4026;0;0;45;7525;3340;989;1266;247;902;190;368;65;88;70;22;7548;2915;930;1272;351;960;226;464;18;55;23;36;14;60;7;2;6;209;
09175115;Ebersberg;212;091751150001;STIMMBEZIRK;Alter Speicher 1;0001;;;N;1246;0;0;0;442;442;0;0;0;1;441;175;56;93;26;55;8;15;8;3;2;1;441;155;65;85;27;57;7;22;2;7;0;1;1;0;0;0;0;12;
09175115;Ebersberg;212;091751150002;STIMMBEZIRK;Alter Speicher 2;0002;;;N;1270;0;0;0;550;550;0;0;0;5;545;200;66;97;16;93;11;40;1;12;9;2;548;164;59;101;25;92;6;43;3;5;2;2;2;11;1;1;0;31;
09175115;Ebersberg;212;091751150003;STIMMBEZIRK;Mittelschule 1;0003;;;N;1321;0;0;0;527;527;0;0;0;3;524;220;65;81;23;92;7;31;2;1;2;1;526;185;63;84;35;87;12;39;0;2;1;1;0;4;1;0;0;12;
09175115;Ebersberg;212;091751150004;STIMMBEZIRK;Mittelschule 2;0004;;;N;1325;0;0;0;548;548;0;0;0;2;546;191;98;125;12;70;8;32;4;3;3;1;547;162;95;123;22;72;8;42;0;3;1;4;2;0;1;0;1;11;
09175115;Ebersberg;212;091751150005;STIMMBEZIRK;Realschule 1;0005;;;N;1316;0;0;0;572;572;0;0;0;3;569;213;76;99;19;87;10;51;4;5;5;2;570;183;69;97;22;87;9;61;0;3;4;3;3;3;0;0;1;25;
09175115;Ebersberg;212;091751150006;STIMMBEZIRK;Realschule 2;0006;;;N;1376;0;0;0;587;587;0;0;0;8;579;229;74;87;24;98;12;40;3;8;4;6;581;204;69;91;30;98;16;41;1;5;0;2;0;6;0;0;0;18;
09175115;Ebersberg;212;091751150007;STIMMBEZIRK;Oberndorf;0007;;;N;796;0;0;0;318;318;0;0;0;2;316;164;19;24;15;66;11;11;3;0;3;0;318;149;14;21;20;76;7;14;1;2;0;3;0;0;0;0;2;9;
09175115;Ebersberg;212;091751150021;BRIEFWAHLBEZIRK;Briefwahl 1;0021;;;N;0;0;0;0;625;0;625;0;0;2;623;291;91;130;25;45;11;16;7;6;1;1;624;264;89;125;38;48;11;20;1;4;3;4;0;6;0;0;0;11;
09175115;Ebersberg;212;091751150022;BRIEFWAHLBEZIRK;Briefwahl 2;0022;;;N;0;0;0;0;549;0;549;0;0;3;546;231;101;84;10;42;21;29;10;10;8;0;549;209;91;90;16;41;22;35;4;3;2;4;0;4;1;0;1;26;
09175115;Ebersberg;212;091751150023;BRIEFWAHLBEZIRK;Briefwahl 3;0023;;;N;0;0;0;0;638;0;638;0;0;4;634;313;82;81;22;75;19;13;5;13;11;3;635;274;77;83;31;85;27;23;1;4;4;4;3;9;2;0;0;8;
09175115;Ebersberg;212;091751150024;BRIEFWAHLBEZIRK;Briefwahl 4;0024;;;N;0;0;0;0;651;0;651;0;0;5;646;302;84;144;18;43;14;27;5;6;3;3;648;265;79;138;33;44;20;34;2;5;3;2;0;4;0;1;0;18;
09175115;Ebersberg;212;091751150025;BRIEFWAHLBEZIRK;Briefwahl 5;0025;;;N;0;0;0;0;559;0;559;0;0;0;559;237;81;104;19;37;23;29;10;11;8;0;559;222;71;113;18;42;22;39;1;3;1;3;0;8;1;0;0;15;
09175115;Ebersberg;212;091751150026;BRIEFWAHLBEZIRK;Briefwahl 6;0026;;;N;0;0;0;0;601;0;601;0;0;6;595;313;78;88;10;52;16;25;3;6;4;1;600;274;73;92;21;54;25;38;0;6;1;2;0;3;0;0;1;10;
09175115;Ebersberg;212;091751150027;BRIEFWAHLBEZIRK;Briefwahl 7;0027;;;N;0;0;0;0;403;0;403;0;0;1;402;261;18;29;8;47;19;9;0;4;7;1;402;205;16;29;13;77;34;13;2;3;1;1;3;2;0;0;0;3;
09175118;Forstinning;212;09175118;GEMEINDE;Forstinning;;;;N;2674;0;0;0;2362;1060;1302;0;0;9;2353;1069;264;262;106;397;98;70;31;21;35;3;2359;962;238;289;141;416;86;97;10;12;8;10;4;18;2;1;3;62;
09175118;Forstinning;212;091751180001;STIMMBEZIRK;Süd;0001;;;N;1312;0;0;0;552;552;0;0;0;3;549;220;62;62;28;120;18;22;7;7;3;1;551;182;56;78;48;127;9;24;2;0;3;2;1;5;1;0;0;13;
09175118;Forstinning;212;091751180002;STIMMBEZIRK;Nord;0002;;;N;1362;0;0;0;508;508;0;0;0;3;505;224;52;44;34;111;17;15;3;2;3;1;507;194;45;41;44;117;18;24;2;3;0;1;1;4;0;0;2;11;
09175118;Forstinning;212;091751180011;BRIEFWAHLBEZIRK;Briefwahl 1;0011;;;N;0;0;0;0;428;0;428;0;0;2;426;206;50;41;14;58;24;12;7;7;7;0;428;196;47;54;12;62;19;14;0;2;0;1;0;4;1;0;0;16;
09175118;Forstinning;212;091751180012;BRIEFWAHLBEZIRK;Briefwahl 2;0012;;;N;0;0;0;0;421;0;421;0;0;0;421;203;52;58;16;41;21;7;6;5;12;0;421;190;46;64;17;44;21;14;1;4;1;4;1;3;0;1;0;10;
09175118;Forstinning;212;091751180013;BRIEFWAHLBEZIRK;Briefwahl 3;0013;;;N;0;0;0;0;453;0;453;0;0;1;452;216;48;57;14;67;18;14;8;0;10;1;452;200;44;52;20;66;19;21;5;3;4;2;1;2;0;0;1;12;
09175122;Grafing;212;09175122;GEMEINDE;Grafing;;;;N;10177;0;0;0;8895;3993;4902;0;0;34;8861;3785;981;1797;306;1040;210;472;97;115;58;24;8871;3143;1051;1692;475;1128;253;594;21;87;42;41;27;58;7;3;5;244;
09175122;Grafing;212;091751220001;STIMMBEZIRK;Grundschule 1;0001;;;N;2011;0;0;0;775;775;0;0;0;1;774;261;84;183;29;103;16;57;13;21;7;2;773;205;103;177;38;106;12;72;3;12;5;2;1;11;0;0;0;26;
09175122;Grafing;212;091751220002;STIMMBEZIRK;Grundschule 2;0002;;;N;2021;0;0;0;779;779;0;0;0;1;778;254;89;195;33;119;16;55;3;4;10;1;778;212;97;169;46;125;24;73;2;6;4;2;3;2;0;0;0;13;
09175122;Grafing;212;091751220003;STIMMBEZIRK;Grundschule 3;0003;;;N;2061;0;0;0;741;741;0;0;0;2;739;280;87;142;21;114;16;55;9;14;1;1;740;237;88;130;37;116;17;66;2;5;1;4;1;8;1;0;0;27;
09175122;Grafing;212;091751220004;STIMMBEZIRK;Grundschule 4;0004;;;N;2040;0;0;0;743;743;0;0;0;7;736;286;75;142;28;124;12;53;7;5;4;5;738;238;81;119;36;131;10;60;1;12;8;2;2;5;0;2;0;31;
09175122;Grafing;212;091751220005;STIMMBEZIRK;Elkofen;0005;;;N;698;0;0;0;337;337;0;0;0;1;336;157;28;56;11;58;8;15;2;1;0;1;336;130;30;45;16;68;13;18;0;6;0;2;1;1;0;0;0;6;
09175122;Grafing;212;091751220006;STIMMBEZIRK;Grafing-Bahnhof;0006;;;N;755;0;0;0;336;336;0;0;0;0;336;111;47;87;10;49;6;16;4;5;1;0;336;89;42;85;12;55;5;27;2;3;3;2;0;1;1;0;0;9;
09175122;Grafing;212;091751220007;STIMMBEZIRK;Straußdorf;0007;;;N;591;0;0;0;282;282;0;0;0;1;281;127;23;35;14;55;10;12;1;2;2;0;282;111;21;36;20;58;10;11;0;0;0;0;0;1;1;0;4;9;
09175122;Grafing;212;091751220101;BRIEFWAHLBEZIRK;Briefwahlbezirk 101;0101;;;N;0;0;0;0;608;0;608;0;0;5;603;280;69;139;27;39;12;15;8;10;4;0;608;237;72;133;37;46;21;23;2;10;5;3;2;5;1;0;0;11;
09175122;Grafing;212;091751220102;BRIEFWAHLBEZIRK;Briefwahlbezirk 102;0102;;;N;0;0;0;0;610;0;610;0;0;1;609;308;63;109;18;47;24;23;5;8;4;2;608;258;67;105;28;55;29;27;1;4;2;4;2;4;2;0;0;20;
09175122;Grafing;212;091751220103;BRIEFWAHLBEZIRK;Briefwahlbezirk 103;0103;;;N;0;0;0;0;593;0;593;0;0;2;591;322;69;91;20;56;9;13;3;1;7;3;590;283;71;98;33;55;13;16;0;5;0;4;2;0;1;0;0;9;
09175122;Grafing;212;091751220104;BRIEFWAHLBEZIRK;Briefwahlbezirk 104;0104;;;N;0;0;0;0;618;0;618;0;0;4;614;320;69;110;10;50;12;27;6;9;1;4;614;279;70;109;24;57;20;32;1;1;3;4;0;3;0;0;0;11;
09175122;Grafing;212;091751220105;BRIEFWAHLBEZIRK;Briefwahlbezirk 105;0105;;;N;0;0;0;0;618;0;618;0;0;2;616;292;74;114;21;51;17;29;5;6;7;2;616;253;69;116;40;58;17;35;0;2;2;1;3;1;0;1;0;18;
09175122;Grafing;212;091751220106;BRIEFWAHLBEZIRK;Briefwahlbezirk 106;0106;;;N;0;0;0;0;608;0;608;0;0;3;605;256;65;130;23;57;18;42;6;5;3;1;607;212;75;112;35;58;24;47;2;7;0;5;3;8;0;0;1;18;
09175122;Grafing;212;091751220107;BRIEFWAHLBEZIRK;Briefwahlbezirk 107;0107;;;N;0;0;0;0;624;0;624;0;0;2;622;278;65;124;22;62;18;29;7;13;4;1;623;208;75;128;31;77;23;34;3;11;1;2;6;4;0;0;0;20;
09175122;Grafing;212;091751220108;BRIEFWAHLBEZIRK;Briefwahlbezirk 108;0108;;;N;0;0;0;0;623;0;623;0;0;2;621;253;74;140;19;56;16;31;18;11;3;1;622;191;90;130;42;63;15;53;2;3;8;4;1;4;0;0;0;16;
09175123;Hohenlinden;212;09175123;GEMEINDE;Hohenlinden;;;;N;2403;0;0;0;2131;819;1312;0;0;5;2126;1060;151;226;66;383;99;56;33;36;16;3;2128;938;146;176;92;424;120;100;10;19;13;11;14;19;3;0;0;43;
09175123;Hohenlinden;212;091751230001;STIMMBEZIRK;Gemeindegebiet Hohenlinden - ohne Ort Hohenlinden;0001;;;N;913;0;0;0;281;281;0;0;0;2;279;128;12;32;9;73;11;4;6;2;2;1;280;114;11;27;11;83;6;10;0;3;2;5;1;2;0;0;0;5;
09175123;Hohenlinden;212;091751230002;STIMMBEZIRK;Ort Hohenlinden;0002;;;N;1490;0;0;0;538;538;0;0;0;1;537;201;50;67;22;140;16;25;4;9;3;1;537;181;50;48;26;147;12;43;3;5;0;1;2;4;1;0;0;14;
09175123;Hohenlinden;212;091751230011;BRIEFWAHLBEZIRK;Briefwahlbezirk 11;0011;;;N;0;0;0;0;337;0;337;0;0;0;337;210;31;23;10;36;13;2;6;3;3;0;337;182;30;17;12;43;27;8;1;2;3;2;1;2;0;0;0;7;
09175123;Hohenlinden;212;091751230012;BRIEFWAHLBEZIRK;Briefwahlbezirk 12;0012;;;N;0;0;0;0;340;0;340;0;0;2;338;172;20;45;13;46;19;9;7;6;1;1;339;155;22;31;14;54;29;14;2;3;3;0;3;2;0;0;0;7;
09175123;Hohenlinden;212;091751230013;BRIEFWAHLBEZIRK;Briefwahlbezirk 13;0013;;;N;0;0;0;0;321;0;321;0;0;0;321;175;20;30;5;48;21;3;7;11;1;0;321;162;18;22;9;53;24;8;1;2;4;2;2;7;1;0;0;6;
09175123;Hohenlinden;212;091751230014;BRIEFWAHLBEZIRK;Briefwahlbezirk 14;0014;;;N;0;0;0;0;314;0;314;0;0;0;314;174;18;29;7;40;19;13;3;5;6;0;314;144;15;31;20;44;22;17;3;4;1;1;5;2;1;0;0;4;
09175124;Kirchseeon;212;09175124;GEMEINDE;Kirchseeon;;;;N;6602;0;0;0;5630;2846;2784;0;0;24;5606;2393;741;850;198;810;168;261;68;80;37;20;5610;2128;701;822;261;847;166;333;25;51;30;32;14;35;7;1;2;155;
09175124;Kirchseeon;212;091751240001;STIMMBEZIRK;Grund- und Mittelschule Kirchseeon 0001;0001;;;N;1170;0;0;0;486;486;0;0;0;5;481;197;88;53;10;81;14;28;3;6;1;4;482;171;70;49;16;95;10;40;4;4;5;1;0;5;0;0;0;12;
09175124;Kirchseeon;212;091751240002;STIMMBEZIRK;Grund- und Mittelschule Kirchseeon 0002;0002;;;N;1231;0;0;0;492;492;0;0;0;2;490;194;58;72;17;93;16;26;6;6;2;1;491;174;58;65;23;86;14;27;3;6;5;2;2;2;1;0;1;22;
09175124;Kirchseeon;212;091751240003;STIMMBEZIRK;Grund- und Mittelschule Kirchseeon 0003;0003;;;N;1251;0;0;0;540;540;0;0;0;2;538;216;77;85;19;94;9;21;9;7;1;3;537;189;85;78;29;96;5;31;1;4;4;3;2;2;1;0;0;7;
09175124;Kirchseeon;212;091751240004;STIMMBEZIRK;Feuerwehrhaus Kirchseeon-Dorf 0004;0004;;;N;716;0;0;0;355;355;0;0;0;5;350;131;53;55;12;64;9;15;8;2;1;3;352;129;45;48;16;64;6;22;4;2;1;4;1;1;0;0;0;9;
09175124;Kirchseeon;212;091751240005;STIMMBEZIRK;Grund- und MIttelschule Eglharting 0005;0005;;;N;1094;0;0;0;480;480;0;0;0;2;478;186;62;69;21;83;10;30;4;8;5;2;478;168;61;71;27;82;6;33;3;3;1;2;1;5;1;0;1;13;
09175124;Kirchseeon;212;091751240006;STIMMBEZIRK;Grund- und Mittelschule Kirchseeon 0006;0006;;;N;1140;0;0;0;493;493;0;0;0;3;490;207;54;51;21;102;9;29;6;8;3;2;491;179;60;41;26;103;10;39;2;1;1;4;1;2;0;1;0;21;
09175124;Kirchseeon;212;091751240011;BRIEFWAHLBEZIRK;Briefwahlbezirk 0011;0011;;;N;0;0;0;0;480;0;480;0;0;1;479;197;68;84;14;59;17;27;4;5;4;0;480;170;69;81;14;66;18;33;3;6;2;2;0;3;1;0;0;12;
09175124;Kirchseeon;212;091751240012;BRIEFWAHLBEZIRK;Briefwahlbezirk 0012;0012;;;N;0;0;0;0;488;0;488;0;0;3;485;221;57;84;20;44;15;24;10;5;5;2;486;196;65;84;23;48;14;26;1;5;7;5;1;3;0;0;0;8;
09175124;Kirchseeon;212;091751240013;BRIEFWAHLBEZIRK;Briefwahlbezirk 0013;0013;;;N;0;0;0;0;487;0;487;0;0;1;486;212;64;83;18;51;16;21;5;8;8;3;484;192;58;83;13;55;23;29;3;5;0;2;2;4;0;0;0;15;
09175124;Kirchseeon;212;091751240014;BRIEFWAHLBEZIRK;Briefwahlbezirk 0014;0014;;;N;0;0;0;0;468;0;468;0;0;0;468;231;48;75;18;47;19;10;8;8;4;0;468;209;46;76;26;47;19;13;0;4;0;5;3;3;1;0;0;16;
09175124;Kirchseeon;212;091751240015;BRIEFWAHLBEZIRK;Briefwahlbezirk 0015;0015;;;N;0;0;0;0;369;0;369;0;0;0;369;167;45;66;11;40;14;13;3;9;1;0;369;139;36;66;16;48;24;21;0;5;2;1;0;3;0;0;0;8;
09175124;Kirchseeon;212;091751240016;BRIEFWAHLBEZIRK;Briefwahlbezirk 0016;0016;;;N;0;0;0;0;492;0;492;0;0;0;492;234;67;73;17;52;20;17;2;8;2;0;492;212;48;80;32;57;17;19;1;6;2;1;1;2;2;0;0;12;
09175127;Markt Schwaben;212;09175127;GEMEINDE;Markt Schwaben;;;;N;8533;0;0;0;7219;3532;3687;0;0;35;7184;2868;935;1125;246;941;229;361;113;95;271;24;7195;2638;920;1163;351;964;203;477;28;59;28;35;24;62;7;0;1;235;
09175127;Markt Schwaben;212;091751270001;STIMMBEZIRK;Rathaus Trausaal;0001;;;N;1137;0;0;0;453;453;0;0;0;2;451;158;49;56;8;100;16;28;8;6;22;2;451;142;69;55;12;101;9;29;0;3;3;3;4;2;0;0;0;19;
09175127;Markt Schwaben;212;091751270002;STIMMBEZIRK;Jugendzentrum;0002;;;N;1060;0;0;0;469;469;0;0;0;1;468;166;66;99;23;63;9;29;2;4;7;2;467;148;62;96;30;61;7;32;0;5;3;0;0;0;0;0;0;23;
09175127;Markt Schwaben;212;091751270003;STIMMBEZIRK;Aula Grafen-von-Sempt-Mittelschule;0003;;;N;1041;0;0;0;409;409;0;0;0;2;407;141;48;77;13;65;7;28;7;2;19;1;408;136;43;75;17;73;4;42;1;0;0;2;1;1;0;0;0;13;
09175127;Markt Schwaben;212;091751270004;STIMMBEZIRK;Mehrzweckraum Falken-Grundschule;0004;;;N;1073;0;0;0;448;448;0;0;0;4;444;157;63;74;14;71;18;20;6;9;12;3;445;141;59;72;22;69;12;32;5;3;4;2;4;3;0;0;0;17;
09175127;Markt Schwaben;212;091751270005;STIMMBEZIRK;Musikraum Falken-Grundschule;0005;;;N;1073;0;0;0;434;434;0;0;0;2;432;166;66;50;13;61;10;40;9;2;15;1;433;154;64;52;20;66;10;39;3;4;2;2;1;1;0;0;0;15;
09175127;Markt Schwaben;212;091751270006;STIMMBEZIRK;Sporthalle Grund- und Mittelschule;0006;;;N;971;0;0;0;418;418;0;0;0;3;415;146;49;76;10;64;12;22;12;4;20;3;415;138;52;83;13;64;11;28;2;2;0;2;0;6;1;0;0;13;
09175127;Markt Schwaben;212;091751270007;STIMMBEZIRK;Aula Alte Grundschule;0007;;;N;1117;0;0;0;442;442;0;0;0;0;442;146;59;87;29;66;6;32;7;4;6;1;441;132;53;78;29;63;5;43;4;6;1;2;2;2;0;0;0;21;
09175127;Markt Schwaben;212;091751270008;STIMMBEZIRK;Kindergarten St. Elisabeth;0008;;;N;1061;0;0;0;459;459;0;0;0;4;455;192;55;37;19;85;12;26;5;5;19;3;456;173;51;44;26;87;6;37;0;1;1;3;5;2;0;0;0;20;
09175127;Markt Schwaben;212;091751270011;BRIEFWAHLBEZIRK;Sporthalle Grund- und Mittelschule 1;0011;;;N;0;0;0;0;498;0;498;0;0;1;497;227;58;68;10;58;26;14;6;5;25;2;496;210;57;76;20;63;28;21;2;2;4;2;1;3;1;0;0;6;
09175127;Markt Schwaben;212;091751270012;BRIEFWAHLBEZIRK;Sporthalle Grund- und Mittelschule 2;0012;;;N;0;0;0;0;505;0;505;0;0;2;503;197;75;75;13;60;18;21;12;8;24;2;503;184;75;80;21;61;15;27;4;9;3;3;0;4;0;0;1;16;
09175127;Markt Schwaben;212;091751270013;BRIEFWAHLBEZIRK;Sporthalle Grund- und Mittelschule 3;0013;;;N;0;0;0;0;439;0;439;0;0;3;436;185;56;67;13;45;15;17;6;8;24;2;437;165;60;74;19;51;21;26;1;4;1;1;0;3;1;0;0;10;
09175127;Markt Schwaben;212;091751270014;BRIEFWAHLBEZIRK;Sporthalle Grund- und Mittelschule 4;0014;;;N;0;0;0;0;489;0;489;0;0;2;487;216;59;71;18;42;24;16;6;14;21;0;489;193;59;81;27;48;19;21;2;7;1;4;1;12;1;0;0;13;
09175127;Markt Schwaben;212;091751270015;BRIEFWAHLBEZIRK;Sporthalle Grund- und Mittelschule 5;0015;;;N;0;0;0;0;502;0;502;0;0;3;499;245;46;79;15;53;17;16;4;1;23;0;502;233;47;73;27;53;16;26;1;2;1;1;1;7;1;0;0;13;
09175127;Markt Schwaben;212;091751270016;BRIEFWAHLBEZIRK;Sporthalle Grund- und Mittelschule 6;0016;;;N;0;0;0;0;466;0;466;0;0;4;462;214;76;64;13;40;14;12;7;7;15;1;465;205;72;66;16;37;12;20;0;4;2;5;1;5;2;0;0;18;
09175127;Markt Schwaben;212;091751270017;BRIEFWAHLBEZIRK;Sporthalle Grund- und Mittelschule 7;0017;;;N;0;0;0;0;380;0;380;0;0;0;380;143;59;83;14;35;11;20;5;3;7;0;380;132;58;81;25;37;10;26;1;2;1;0;0;2;0;0;0;5;
09175127;Markt Schwaben;212;091751270018;BRIEFWAHLBEZIRK;Sporthalle Grund- und Mittelschule 8;0018;;;N;0;0;0;0;408;0;408;0;0;2;406;169;51;62;21;33;14;20;11;13;12;1;407;152;39;77;27;30;18;28;2;5;1;3;3;9;0;0;0;13;
09175132;Vaterstetten;212;09175132;GEMEINDE;Vaterstetten;;;;N;17421;0;0;0;15445;6929;8516;0;0;57;15388;7129;1790;2704;946;1560;366;514;116;189;74;26;15419;6457;1761;2662;1120;1689;294;689;49;122;42;62;16;114;4;0;9;329;
09175132;Vaterstetten;212;091751320001;STIMMBEZIRK;Stimmbezirk 1;0001;;;N;1480;0;0;0;625;625;0;0;0;4;621;318;41;65;26;117;13;28;8;3;2;3;622;275;44;63;26;129;18;30;3;4;4;8;0;3;0;0;0;15;
09175132;Vaterstetten;212;091751320002;STIMMBEZIRK;Stimmbezirk 2;0002;;;N;938;0;0;0;406;406;0;0;0;1;405;207;37;49;19;64;10;13;0;1;5;1;405;177;33;47;24;81;8;17;3;3;0;1;0;1;0;0;0;10;
09175132;Vaterstetten;212;091751320003;STIMMBEZIRK;Stimmbezirk 3;0003;;;N;1096;0;0;0;483;483;0;0;0;0;483;189;76;97;32;44;9;29;4;2;1;0;483;166;65;87;49;52;6;36;0;3;0;4;1;2;0;0;0;12;
09175132;Vaterstetten;212;091751320004;STIMMBEZIRK;Stimmbezirk 4;0004;;;N;1068;0;0;0;428;428;0;0;0;2;426;165;59;88;20;62;8;19;1;3;1;1;427;138;62;89;19;68;5;25;4;1;1;1;0;1;1;0;0;12;
09175132;Vaterstetten;212;091751320005;STIMMBEZIRK;Stimmbezirk 5;0005;;;N;1116;0;0;0;342;342;0;0;0;0;342;136;34;64;23;61;3;13;3;3;2;0;342;123;39;64;22;60;4;11;0;5;2;1;0;2;0;0;0;9;
09175132;Vaterstetten;212;091751320006;STIMMBEZIRK;Stimmbezirk 6;0006;;;N;1331;0;0;0;520;520;0;0;0;4;516;231;55;63;30;90;7;24;6;7;3;2;518;216;54;62;27;88;5;28;0;7;2;4;0;3;1;0;0;21;
09175132;Vaterstetten;212;091751320007;STIMMBEZIRK;Stimmbezirk 7;0007;;;N;1245;0;0;0;504;504;0;0;0;1;503;215;54;101;30;62;9;21;3;7;1;1;503;179;48;107;38;70;7;29;4;6;2;1;2;2;1;0;0;7;
09175132;Vaterstetten;212;091751320008;STIMMBEZIRK;Stimmbezirk 8;0008;;;N;1336;0;0;0;489;489;0;0;0;2;487;208;62;78;34;62;18;18;3;3;1;1;488;176;60;71;48;73;8;33;3;5;1;0;0;3;0;0;0;7;
09175132;Vaterstetten;212;091751320009;STIMMBEZIRK;Stimmbezirk 9;0009;;;N;1160;0;0;0;471;471;0;0;0;0;471;178;81;89;24;67;7;14;2;8;1;0;471;152;78;88;33;65;10;22;2;3;0;3;0;5;0;0;1;9;
09175132;Vaterstetten;212;091751320010;STIMMBEZIRK;Stimmbezirk 10;0010;;;N;957;0;0;0;379;379;0;0;0;3;376;143;67;62;27;35;7;24;4;4;3;1;378;139;72;54;26;35;6;26;1;2;0;1;2;2;0;0;1;11;
09175132;Vaterstetten;212;091751320011;STIMMBEZIRK;Stimmbezirk 11;0011;;;N;1047;0;0;0;412;412;0;0;0;5;407;182;52;64;21;56;10;16;3;2;1;2;410;154;49;81;29;55;6;15;1;2;4;0;1;1;0;0;0;12;
09175132;Vaterstetten;212;091751320012;STIMMBEZIRK;Stimmbezirk 12;0012;;;N;1059;0;0;0;404;404;0;0;0;3;401;183;40;85;37;28;8;12;1;5;2;0;404;171;43;83;39;30;5;20;0;2;1;0;1;2;0;0;0;7;
09175132;Vaterstetten;212;091751320013;STIMMBEZIRK;Stimmbezirk 13;0013;;;N;1191;0;0;0;473;473;0;0;0;2;471;221;67;74;31;45;8;13;4;5;3;0;473;191;70;68;52;48;6;22;2;4;0;2;0;3;1;0;0;4;
09175132;Vaterstetten;212;091751320014;STIMMBEZIRK;Stimmbezirk 14;0014;;;N;1030;0;0;0;390;390;0;0;0;2;388;181;28;68;37;48;5;11;2;5;3;3;387;170;22;56;46;55;3;21;2;0;0;1;0;2;0;0;0;9;
09175132;Vaterstetten;212;091751320015;STIMMBEZIRK;Stimmbezirk 15;0015;;;N;1367;0;0;0;603;603;0;0;0;3;600;249;83;109;37;81;10;19;3;5;4;2;601;219;74;115;41;82;6;39;0;7;0;0;1;3;0;0;2;12;
09175132;Vaterstetten;212;091751320031;BRIEFWAHLBEZIRK;Stimmbezirk 31;0031;;;N;0;0;0;0;661;0;661;0;0;3;658;358;57;95;26;58;28;20;3;11;2;0;661;315;64;84;36;76;25;23;2;4;2;3;0;8;0;0;0;19;
09175132;Vaterstetten;212;091751320032;BRIEFWAHLBEZIRK;Stimmbezirk 32;0032;;;N;0;0;0;0;438;0;438;0;0;3;435;236;30;43;30;56;20;10;3;4;3;3;435;201;35;43;31;58;20;17;4;1;4;3;1;3;0;0;0;14;
09175132;Vaterstetten;212;091751320033;BRIEFWAHLBEZIRK;Stimmbezirk 33;0033;;;N;0;0;0;0;517;0;517;0;0;1;516;250;49;107;34;29;16;11;6;9;5;0;517;231;54;105;34;39;10;15;1;7;3;0;1;4;0;0;0;13;
09175132;Vaterstetten;212;091751320034;BRIEFWAHLBEZIRK;Stimmbezirk 34;0034;;;N;0;0;0;0;538;0;538;0;0;2;536;238;72;109;32;42;19;11;3;6;4;0;538;227;67;119;34;44;11;13;0;3;0;1;0;3;0;0;0;16;
09175132;Vaterstetten;212;091751320035;BRIEFWAHLBEZIRK;Stimmbezirk 35;0035;;;N;0;0;0;0;558;0;558;0;0;1;557;249;55;133;40;37;8;16;7;10;2;1;557;228;61;125;44;38;16;18;2;8;1;3;0;5;0;0;0;8;
09175132;Vaterstetten;212;091751320036;BRIEFWAHLBEZIRK;Stimmbezirk 36;0036;;;N;0;0;0;0;653;0;653;0;0;2;651;329;66;139;22;44;19;17;7;7;1;0;653;302;77;128;27;49;16;19;2;8;2;7;1;4;0;0;0;11;
09175132;Vaterstetten;212;091751320037;BRIEFWAHLBEZIRK;Stimmbezirk 37;0037;;;N;0;0;0;0;607;0;607;0;0;0;607;257;88;131;46;52;14;11;3;4;1;0;607;235;81;134;46;58;14;23;1;0;1;2;1;5;0;0;1;5;
09175132;Vaterstetten;212;091751320038;BRIEFWAHLBEZIRK;Stimmbezirk 38;0038;;;N;0;0;0;0;686;0;686;0;0;1;685;337;67;123;48;48;18;30;3;9;2;1;685;312;65;113;58;48;18;38;1;5;4;3;0;4;0;0;1;15;
09175132;Vaterstetten;212;091751320039;BRIEFWAHLBEZIRK;Stimmbezirk 39;0039;;;N;0;0;0;0;592;0;592;0;0;0;592;298;95;87;28;35;17;14;5;12;1;0;592;292;80;93;34;34;13;21;1;4;2;3;0;5;0;0;0;10;
09175132;Vaterstetten;212;091751320040;BRIEFWAHLBEZIRK;Stimmbezirk 40;0040;;;N;0;0;0;0;473;0;473;0;0;0;473;202;73;93;22;33;14;20;6;3;7;0;473;184;76;91;34;34;3;22;1;3;2;1;2;1;0;0;0;19;
09175132;Vaterstetten;212;091751320041;BRIEFWAHLBEZIRK;Stimmbezirk 41;0041;;;N;0;0;0;0;514;0;514;0;0;1;513;242;56;74;37;60;13;14;5;10;2;1;513;234;41;83;39;59;13;20;0;4;0;2;1;8;0;0;1;8;
09175132;Vaterstetten;212;091751320042;BRIEFWAHLBEZIRK;Stimmbezirk 42;0042;;;N;0;0;0;0;556;0;556;0;0;5;551;292;59;104;32;26;11;15;4;5;3;0;556;272;61;103;44;33;7;17;2;5;1;2;0;4;0;0;0;5;
09175132;Vaterstetten;212;091751320043;BRIEFWAHLBEZIRK;Stimmbezirk 43;0043;;;N;0;0;0;0;603;0;603;0;0;0;603;293;71;105;52;39;9;17;5;11;1;1;602;275;62;107;65;37;5;26;2;5;0;1;1;4;0;0;0;12;
09175132;Vaterstetten;212;091751320044;BRIEFWAHLBEZIRK;Stimmbezirk 44;0044;;;N;0;0;0;0;516;0;516;0;0;3;513;285;47;75;29;39;9;10;4;12;3;2;514;252;53;72;42;47;7;16;0;6;0;2;0;9;0;0;2;6;
09175132;Vaterstetten;212;091751320045;BRIEFWAHLBEZIRK;Stimmbezirk 45;0045;;;N;0;0;0;0;604;0;604;0;0;3;601;257;69;130;40;40;19;24;5;13;4;0;604;251;71;127;33;44;13;27;5;5;3;2;0;12;0;0;0;11;
09175133;Pliening;212;09175133;GEMEINDE;Pliening;;;;N;4280;0;0;0;3832;2013;1819;0;0;6;3826;1931;355;495;134;532;131;123;35;45;45;6;3826;1698;359;470;204;580;135;161;6;22;18;14;9;35;4;0;1;110;
09175133;Pliening;212;091751330001;STIMMBEZIRK;Bürgerhaus A;0001;;;N;854;0;0;0;386;386;0;0;0;2;384;182;34;40;15;81;12;12;3;1;4;1;385;149;40;33;26;92;10;14;2;4;2;0;0;1;0;0;0;12;
09175133;Pliening;212;091751330002;STIMMBEZIRK;Bürgerhaus B;0002;;;N;918;0;0;0;425;425;0;0;0;1;424;198;58;54;18;59;14;9;4;5;5;2;423;164;48;50;24;75;12;24;0;2;0;1;1;5;1;0;0;16;
09175133;Pliening;212;091751330003;STIMMBEZIRK;Bürgerhaus C;0003;;;N;906;0;0;0;391;391;0;0;0;0;391;182;19;54;13;84;15;17;3;2;2;0;391;160;21;50;23;83;14;18;1;0;2;1;1;4;1;0;0;12;
09175133;Pliening;212;091751330004;STIMMBEZIRK;Kindergarten A;0004;;;N;772;0;0;0;371;371;0;0;0;0;371;223;21;36;12;49;10;13;3;2;2;0;371;194;24;40;21;47;14;11;0;1;2;1;2;2;0;0;1;11;
09175133;Pliening;212;091751330005;STIMMBEZIRK;Kindergarten B;0005;;;N;830;0;0;0;440;440;0;0;0;0;440;183;55;58;22;73;14;17;6;5;7;1;439;172;49;59;28;72;10;18;0;5;2;3;1;1;1;0;0;18;
09175133;Pliening;212;091751330011;BRIEFWAHLBEZIRK;Briefwahl A;0011;;;N;0;0;0;0;643;0;643;0;0;1;642;351;61;100;14;45;25;24;4;10;8;1;642;309;67;97;22;59;27;24;0;4;4;3;0;10;0;0;0;16;
09175133;Pliening;212;091751330012;BRIEFWAHLBEZIRK;Briefwahl B;0012;;;N;0;0;0;0;587;0;587;0;0;1;586;280;46;93;25;75;24;19;2;16;6;1;586;247;50;82;33;78;27;32;1;3;4;1;3;9;1;0;0;15;
09175133;Pliening;212;091751330013;BRIEFWAHLBEZIRK;Briefwahl C;0013;;;N;0;0;0;0;589;0;589;0;0;1;588;332;61;60;15;66;17;12;10;4;11;0;589;303;60;59;27;74;21;20;2;3;2;4;1;3;0;0;0;10;
09175135;Poing;212;09175135;GEMEINDE;Poing;;;;N;10569;0;0;0;9303;4819;4484;0;0;31;9272;3860;1202;1574;355;1287;277;392;94;138;93;14;9289;3423;1172;1504;496;1313;248;519;28;93;54;47;9;79;6;0;5;293;
09175135;Poing;212;091751350001;STIMMBEZIRK;Grundschule a.d. Karl-Sittler-Straße;0001;;;N;1602;0;0;0;729;729;0;0;0;2;727;325;94;85;19;122;24;33;9;5;11;1;728;283;91;73;38;129;17;42;5;8;1;5;2;5;0;0;1;28;
09175135;Poing;212;091751350002;STIMMBEZIRK;Grundschule a.d. Karl-Sittler-Straße;0002;;;N;1489;0;0;0;691;691;0;0;0;5;686;292;77;91;19;129;16;42;7;10;3;0;691;262;75;87;22;127;13;48;3;7;8;5;0;4;1;0;0;29;
09175135;Poing;212;091751350003;STIMMBEZIRK;Grundschule an der Karl-Sittler-Straße;0003;;;N;1654;0;0;0;724;724;0;0;0;1;723;272;98;103;37;139;19;33;10;9;3;3;721;258;83;103;41;139;12;38;2;9;3;4;0;6;0;0;0;23;
09175135;Poing;212;091751350004;STIMMBEZIRK;Anni-Pickert-Grund und Mittelschule;0004;;;N;1404;0;0;0;691;691;0;0;0;8;683;229;99;135;29;114;22;39;5;9;2;3;688;192;100;121;41;118;10;53;2;10;3;2;2;7;0;0;2;25;
09175135;Poing;212;091751350005;STIMMBEZIRK;Anni-Pickert-Grund und Mittelschule;0005;;;N;1544;0;0;0;702;702;0;0;0;3;699;290;87;149;23;83;16;32;3;12;4;0;702;238;96;148;47;76;11;46;2;3;4;2;0;8;0;0;0;21;
09175135;Poing;212;091751350006;STIMMBEZIRK;Anni-Pickert-Grund und Mittelschule;0006;;;N;1532;0;0;0;676;676;0;0;0;0;676;274;88;109;36;106;18;34;4;3;4;0;676;256;81;103;44;112;8;38;1;2;2;4;1;5;0;0;0;19;
09175135;Poing;212;091751350007;STIMMBEZIRK;Anni-Pickert-Grund und Mittelschule;0007;;;N;1344;0;0;0;606;606;0;0;0;0;606;214;82;94;20;121;15;35;4;12;9;1;605;180;84;92;32;121;8;38;0;6;3;2;1;5;0;0;1;32;
09175135;Poing;212;091751350011;BRIEFWAHLBEZIRK;Grundschule an der Karl-Sittler-Straße;0011;;;N;0;0;0;0;758;0;758;0;0;1;757;297;97;146;28;85;25;39;13;18;9;1;757;262;100;139;41;83;26;50;4;7;6;4;0;8;1;0;1;25;
09175135;Poing;212;091751350012;BRIEFWAHLBEZIRK;Grundschule an der Karl-Sittler-Straße;0012;;;N;0;0;0;0;730;0;730;0;0;3;727;305;95;154;20;79;27;26;3;11;7;1;729;274;96;140;32;80;24;42;2;9;4;1;1;7;1;0;0;16;
09175135;Poing;212;091751350013;BRIEFWAHLBEZIRK;Grundschule an der Karl-Sittler-Straße;0013;;;N;0;0;0;0;732;0;732;0;0;2;730;327;90;138;36;79;21;14;9;12;4;3;729;282;97;126;39;90;33;27;0;9;6;5;2;4;0;0;0;9;
09175135;Poing;212;091751350014;BRIEFWAHLBEZIRK;Grundschule an der Karl-Sittler-Straße;0014;;;N;0;0;0;0;753;0;753;0;0;1;752;324;101;127;27;79;25;25;16;11;17;1;752;293;94;125;36;84;32;35;3;9;6;5;0;5;1;0;0;24;
09175135;Poing;212;091751350015;BRIEFWAHLBEZIRK;Grundschule an der Karl-Sittler-Straße;0015;;;N;0;0;0;0;750;0;750;0;0;3;747;331;92;108;32;91;30;29;7;17;10;0;750;297;85;114;49;91;23;34;2;11;6;7;0;10;1;0;0;20;
09175135;Poing;212;091751350016;BRIEFWAHLBEZIRK;Grundschule an der Karl-Sittler-Straße;0016;;;N;0;0;0;0;761;0;761;0;0;2;759;380;102;135;29;60;19;11;4;9;10;0;761;346;90;133;34;63;31;28;2;3;2;1;0;5;1;0;0;22;
09175137;Steinhöring;212;09175137;GEMEINDE;Steinhöring;;;;N;3007;0;0;0;2625;1058;1567;0;0;16;2609;1254;220;346;73;438;111;83;34;26;24;12;2613;1028;222;327;111;494;127;121;7;36;6;25;6;12;3;1;30;57;
09175137;Steinhöring;212;091751370001;STIMMBEZIRK;Stimmbezirk 1;0001;;;N;1372;0;0;0;478;478;0;0;0;2;476;226;30;35;15;130;8;13;7;9;3;1;477;186;34;32;21;141;13;16;2;4;0;4;0;5;1;0;0;18;
09175137;Steinhöring;212;091751370002;STIMMBEZIRK;Stimmbezirk 2;0002;;;N;1635;0;0;0;580;580;0;0;0;2;578;239;65;85;19;105;22;28;4;5;6;2;578;196;61;79;33;116;16;41;1;5;2;7;1;2;2;1;1;14;
09175137;Steinhöring;212;091751370011;BRIEFWAHLBEZIRK;Briefwahlbezirk 1;0011;;;N;0;0;0;0;785;0;785;0;0;6;779;383;65;119;20;106;43;18;10;6;9;6;779;321;68;113;28;116;49;26;1;17;2;7;2;1;0;0;28;0;
09175137;Steinhöring;212;091751370012;BRIEFWAHLBEZIRK;Briefwahlbezirk 2;0012;;;N;0;0;0;0;782;0;782;0;0;6;776;406;60;107;19;97;38;24;13;6;6;3;779;325;59;103;29;121;49;38;3;10;2;7;3;4;0;0;1;25;
09175139;Zorneding;212;09175139;GEMEINDE;Zorneding;;;;N;6846;0;0;0;6142;2881;3261;0;0;18;6124;2650;770;1240;321;607;136;235;39;88;38;9;6133;2377;768;1193;403;651;122;320;9;41;26;14;12;50;3;1;1;142;
09175139;Zorneding;212;091751390001;STIMMBEZIRK;Pöring 0001;0001;;;N;1011;0;0;0;389;389;0;0;0;1;388;160;44;75;18;48;7;23;5;5;3;1;388;140;48;68;28;51;7;19;1;2;2;1;1;6;1;0;0;13;
09175139;Zorneding;212;091751390002;STIMMBEZIRK;Pöring 0002;0002;;;N;1031;0;0;0;416;416;0;0;0;3;413;166;51;68;18;79;13;11;3;4;0;1;415;136;47;63;30;85;10;21;1;1;1;1;1;1;0;0;0;17;
09175139;Zorneding;212;091751390003;STIMMBEZIRK;Zorneding 0003;0003;;;N;913;0;0;0;392;392;0;0;0;4;388;160;69;85;15;30;4;19;3;3;0;1;391;139;60;84;28;31;3;32;0;2;0;0;0;0;0;0;0;12;
09175139;Zorneding;212;091751390004;STIMMBEZIRK;Zorneding 0004;0004;;;N;869;0;0;0;394;394;0;0;0;0;394;143;58;92;19;41;8;23;3;7;0;0;394;136;59;86;18;42;1;35;1;3;1;0;1;5;0;0;0;6;
09175139;Zorneding;212;091751390005;STIMMBEZIRK;Zorneding 0005;0005;;;N;950;0;0;0;412;412;0;0;0;0;412;163;53;92;18;49;5;24;2;6;0;0;412;148;58;88;20;47;4;26;0;4;2;1;2;0;0;0;0;12;
09175139;Zorneding;212;091751390006;STIMMBEZIRK;Zorneding 0006;0006;;;N;1088;0;0;0;437;437;0;0;0;2;435;191;40;76;26;62;13;21;2;3;1;0;437;156;45;76;36;70;12;25;1;3;1;1;1;5;0;0;0;5;
09175139;Zorneding;212;091751390007;STIMMBEZIRK;Zorneding 0007;0007;;;N;984;0;0;0;441;441;0;0;0;1;440;171;53;93;30;50;7;22;2;9;3;1;440;153;53;94;36;52;8;25;0;3;1;1;1;3;0;0;0;10;
09175139;Zorneding;212;091751390021;BRIEFWAHLBEZIRK;Briefwahl 0021;0021;;;N;0;0;0;0;464;0;464;0;0;0;464;186;51;119;31;41;14;11;1;8;2;1;463;174;55;117;28;43;11;14;0;4;0;1;2;6;0;0;0;8;
09175139;Zorneding;212;091751390022;BRIEFWAHLBEZIRK;Briefwahl 0022;0022;;;N;0;0;0;0;466;0;466;0;0;1;465;209;57;87;25;41;15;10;8;10;3;1;465;200;56;84;29;41;19;18;2;3;1;3;1;5;0;0;0;3;
09175139;Zorneding;212;091751390023;BRIEFWAHLBEZIRK;Briefwahl 0023;0023;;;N;0;0;0;0;466;0;466;0;0;2;464;233;65;77;17;37;10;13;1;7;4;1;465;202;55;90;26;36;13;19;0;1;2;1;0;2;0;0;1;17;
09175139;Zorneding;212;091751390024;BRIEFWAHLBEZIRK;Briefwahl 0024;0024;;;N;0;0;0;0;463;0;463;0;0;1;462;217;65;84;23;34;9;14;4;8;4;1;462;190;66;79;24;41;14;20;0;3;2;1;2;7;0;0;0;13;
09175139;Zorneding;212;091751390025;BRIEFWAHLBEZIRK;Briefwahl 0025;0025;;;N;0;0;0;0;459;0;459;0;0;2;457;192;58;109;21;38;16;17;2;3;1;0;459;173;50;99;29;41;11;26;2;8;7;2;0;2;0;0;0;9;
09175139;Zorneding;212;091751390026;BRIEFWAHLBEZIRK;Briefwahl 0026;0026;;;N;0;0;0;0;467;0;467;0;0;0;467;234;50;90;24;36;7;12;3;7;4;0;467;220;54;81;29;40;5;18;0;2;4;1;0;4;0;0;0;9;
09175139;Zorneding;212;091751390027;BRIEFWAHLBEZIRK;Briefwahl 0027;0027;;;N;0;0;0;0;476;0;476;0;0;1;475;225;56;93;36;21;8;15;0;8;13;1;475;210;62;84;42;31;4;22;1;2;2;0;0;4;2;1;0;8;
;;212;091755112;VERBANDSGEMEINDE;Verwaltungsgemeinschaft Aßling;;;;N;5800;0;0;0;5175;2431;2744;0;0;30;5145;2501;345;634;126;1005;224;181;55;43;31;19;5156;2034;382;597;216;1109;328;225;16;34;16;22;13;25;1;1;4;133;
09175112;Aßling;212;09175112;GEMEINDE;Aßling;;;;N;3476;0;0;0;3135;1439;1696;0;0;27;3108;1396;267;458;87;579;120;113;37;31;20;14;3121;1153;284;435;139;624;167;146;10;16;11;13;8;21;0;1;2;91;
09175112;Aßling;212;091751120001;STIMMBEZIRK;Urnenwahl Aßling I;0001;;;N;1790;0;0;0;776;776;0;0;0;10;766;292;78;137;23;164;24;32;6;6;4;6;770;252;85;120;39;167;21;43;2;4;1;1;2;8;0;0;0;25;
09175112;Aßling;212;091751120002;STIMMBEZIRK;Urnenwahl Aßling II;0002;;;N;1686;0;0;0;663;663;0;0;0;4;659;266;32;83;21;188;25;22;14;5;3;0;663;209;43;79;24;201;39;25;4;4;2;8;1;1;0;0;0;23;
09175112;Aßling;212;091751120011;BRIEFWAHLBEZIRK;Briefwahl 1 Aßling;0011;;;N;0;0;0;0;424;0;424;0;0;2;422;200;52;60;13;57;13;13;7;5;2;0;424;168;50;61;19;61;24;19;2;4;4;1;3;0;0;0;0;8;
09175112;Aßling;212;091751120013;BRIEFWAHLBEZIRK;Briefwahl 3 Aßling;0013;;;N;0;0;0;0;412;0;412;0;0;0;412;203;39;46;9;64;18;22;5;3;3;0;412;163;40;44;22;73;20;16;2;2;2;0;2;3;0;0;0;23;
09175112;Aßling;212;091751120014;BRIEFWAHLBEZIRK;Briefwahl 4 Aßling;0014;;;N;0;0;0;0;424;0;424;0;0;0;424;215;31;69;13;54;16;14;1;6;5;0;424;185;32;63;17;65;21;24;0;0;1;2;0;6;0;0;1;7;
09175112;Aßling;212;091751120012;BRIEFWAHLBEZIRK;Briefwahl 2 Aßling;0012;;;N;0;0;0;0;436;0;436;0;0;11;425;220;35;63;8;52;24;10;4;6;3;8;428;176;34;68;18;57;42;19;0;2;1;1;0;3;0;1;1;5;
09175119;Frauenneuharting;212;09175119;GEMEINDE;Frauenneuharting;;;;N;1179;0;0;0;1034;511;523;0;0;2;1032;567;37;95;20;212;46;33;10;7;5;3;1031;446;44;88;38;254;75;35;2;9;3;6;2;2;1;0;0;26;
09175119;Frauenneuharting;212;091751190004;STIMMBEZIRK;Urnenwahl Frauenneuharting;0004;;;N;1179;0;0;0;511;511;0;0;0;2;509;274;17;46;13;119;16;13;7;4;0;2;509;217;21;42;27;142;23;14;2;2;1;3;2;0;1;0;0;12;
09175119;Frauenneuharting;212;091751190041;BRIEFWAHLBEZIRK;Briefwahl 1 Frauenneuharting;0041;;;N;0;0;0;0;254;0;254;0;0;0;254;145;11;28;5;35;14;9;1;2;4;1;253;115;13;29;5;49;24;7;0;3;2;1;0;0;0;0;0;5;
09175119;Frauenneuharting;212;091751190042;BRIEFWAHLBEZIRK;Briefwahl 2 Frauenneuharting;0042;;;N;0;0;0;0;269;0;269;0;0;0;269;148;9;21;2;58;16;11;2;1;1;0;269;114;10;17;6;63;28;14;0;4;0;2;0;2;0;0;0;9;
09175136;Emmering;212;09175136;GEMEINDE;Emmering;;;;N;1145;0;0;0;1006;481;525;0;0;1;1005;538;41;81;19;214;58;35;8;5;6;2;1004;435;54;74;39;231;86;44;4;9;2;3;3;2;0;0;2;16;
09175136;Emmering;212;091751360003;STIMMBEZIRK;Urnenwahl Emmering;0003;;;N;1145;0;0;0;481;481;0;0;0;1;480;237;13;43;11;123;24;20;5;1;3;1;480;188;25;38;18;131;35;25;0;4;1;3;1;0;0;0;1;10;
09175136;Emmering;212;091751360031;BRIEFWAHLBEZIRK;Briefwahl 1 Emmering;0031;;;N;0;0;0;0;300;0;300;0;0;0;300;189;14;13;6;49;16;6;3;3;1;1;299;159;15;13;11;53;28;5;3;4;1;0;2;2;0;0;0;3;
09175136;Emmering;212;091751360032;BRIEFWAHLBEZIRK;Briefwahl 2 Emmering;0032;;;N;0;0;0;0;225;0;225;0;0;0;225;112;14;25;2;42;18;9;0;1;2;0;225;88;14;23;10;47;23;14;1;1;0;0;0;0;0;0;1;3;
;;212;091755114;VERBANDSGEMEINDE;Verwaltungsgemeinschaft Glonn;;;;N;10339;0;0;0;9281;4268;5013;0;0;44;9237;4301;821;1316;402;1383;407;321;115;104;67;21;9260;3681;877;1238;529;1553;408;421;51;63;44;59;26;62;6;0;14;228;
09175113;Baiern;212;09175113;GEMEINDE;Baiern;;;;N;1162;0;0;0;1052;463;589;0;0;7;1045;536;61;98;38;183;59;28;25;8;9;5;1047;412;58;92;63;227;73;52;7;8;5;13;4;6;0;0;0;27;
09175113;Baiern;212;091751130101;STIMMBEZIRK;Urnenwahl Baiern;0101;;;N;1162;0;0;0;463;463;0;0;0;5;458;225;32;41;6;103;26;16;5;2;2;4;459;175;31;38;26;117;24;27;4;0;2;4;3;1;0;0;0;7;
09175113;Baiern;212;091751130111;BRIEFWAHLBEZIRK;Briefwahl Baiern;0111;;;N;0;0;0;0;589;0;589;0;0;2;587;311;29;57;32;80;33;12;20;6;7;1;588;237;27;54;37;110;49;25;3;8;3;9;1;5;0;0;0;20;
09175114;Bruck;212;09175114;GEMEINDE;Bruck;;;;N;1011;0;0;0;918;398;520;0;0;2;916;470;63;100;37;131;47;38;11;12;7;1;917;395;81;99;60;147;61;31;2;7;3;5;3;8;0;0;1;14;
09175114;Bruck;212;091751140201;STIMMBEZIRK;Urnenwahl Bruck;0201;;;N;1011;0;0;0;398;398;0;0;0;0;398;212;26;37;15;73;8;17;4;5;1;1;397;178;37;31;26;86;7;17;1;2;2;1;0;3;0;0;0;6;
09175114;Bruck;212;091751140211;BRIEFWAHLBEZIRK;Briefwahl Bruck;0211;;;N;0;0;0;0;520;0;520;0;0;2;518;258;37;63;22;58;39;21;7;7;6;0;520;217;44;68;34;61;54;14;1;5;1;4;3;5;0;0;1;8;
09175116;Egmating;212;09175116;GEMEINDE;Egmating;;;;N;1698;0;0;0;1553;706;847;0;0;7;1546;723;152;214;81;240;61;34;12;18;11;4;1549;632;156;199;108;244;63;52;9;11;3;6;3;12;0;0;3;48;
09175116;Egmating;212;091751160301;STIMMBEZIRK;Urnenwahl Egmating;0301;;;N;1698;0;0;0;706;706;0;0;0;5;701;306;67;88;31;141;30;21;5;7;5;3;703;266;69;85;50;141;25;28;7;3;3;4;0;6;0;0;1;15;
09175116;Egmating;212;091751160311;BRIEFWAHLBEZIRK;Briefwahl 1 Egmating;0311;;;N;0;0;0;0;452;0;452;0;0;2;450;218;44;70;27;52;16;10;6;2;5;1;451;188;48;68;30;56;19;12;1;5;0;2;2;1;0;0;0;19;
09175116;Egmating;212;091751160312;BRIEFWAHLBEZIRK;Briefwahl 2 Egmating;0312;;;N;0;0;0;0;395;0;395;0;0;0;395;199;41;56;23;47;15;3;1;9;1;0;395;178;39;46;28;47;19;12;1;3;0;0;1;5;0;0;2;14;
09175121;Glonn;212;09175121;GEMEINDE;Glonn;;;;N;3589;0;0;0;3160;1363;1797;0;0;14;3146;1354;322;471;135;446;166;147;37;40;28;7;3153;1181;334;442;154;510;136;186;24;22;17;12;12;17;6;0;7;93;
09175121;Glonn;212;091751210401;STIMMBEZIRK;Urnenwahl 1 Markt Glonn;0401;;;N;1890;0;0;0;688;688;0;0;0;4;684;264;81;107;23;142;20;32;7;6;2;2;686;226;80;100;29;159;20;37;4;9;4;2;2;0;1;0;0;13;
09175121;Glonn;212;091751210402;STIMMBEZIRK;Urnenwahl 2 Markt Glonn;0402;;;N;1699;0;0;0;675;675;0;0;0;4;671;270;67;108;31;104;26;44;7;9;5;0;675;222;74;97;37;127;16;61;2;1;2;3;1;2;0;0;4;26;
09175121;Glonn;212;091751210411;BRIEFWAHLBEZIRK;Briefwahl 1 Markt Glonn;0411;;;N;0;0;0;0;596;0;596;0;0;2;594;280;52;70;22;84;36;25;8;12;5;2;594;249;56;67;25;92;30;26;3;7;4;4;4;8;1;0;3;15;
09175121;Glonn;212;091751210412;BRIEFWAHLBEZIRK;Briefwahl 2 Markt Glonn;0412;;;N;0;0;0;0;610;0;610;0;0;3;607;305;57;93;24;51;43;13;8;2;11;2;608;285;61;84;28;50;33;24;9;2;4;1;3;3;2;0;0;19;
09175121;Glonn;212;091751210413;BRIEFWAHLBEZIRK;Briefwahl 3 Markt Glonn;0413;;;N;0;0;0;0;591;0;591;0;0;1;590;235;65;93;35;65;41;33;7;11;5;1;590;199;63;94;35;82;37;38;6;3;3;2;2;4;2;0;0;20;
09175128;Moosach;212;09175128;GEMEINDE;Moosach;;;;N;1122;0;0;0;1013;538;475;0;0;2;1011;459;87;174;40;160;25;35;10;13;8;0;1013;400;98;157;51;172;31;49;3;4;6;10;3;11;0;0;1;17;
09175128;Moosach;212;091751280501;STIMMBEZIRK;Urnenwahl Moosach;0501;;;N;1122;0;0;0;538;538;0;0;0;0;538;249;33;95;20;96;13;15;6;7;4;0;538;223;46;83;24;99;15;17;2;2;4;7;0;5;0;0;0;11;
09175128;Moosach;212;091751280511;BRIEFWAHLBEZIRK;Briefwahl Moosach;0511;;;N;0;0;0;0;475;0;475;0;0;2;473;210;54;79;20;64;12;20;4;6;4;0;475;177;52;74;27;73;16;32;1;2;2;3;3;6;0;0;1;6;
09175131;Oberpframmern;212;09175131;GEMEINDE;Oberpframmern;;;;N;1757;0;0;0;1585;800;785;0;0;12;1573;759;136;259;71;223;49;39;20;13;4;4;1581;661;150;249;93;253;44;51;6;11;10;13;1;8;0;0;2;29;
09175131;Oberpframmern;212;091751310601;STIMMBEZIRK;Urnenwahl Oberpframmern;0601;;;N;1757;0;0;0;800;800;0;0;0;7;793;357;74;107;39;153;23;21;11;5;3;3;797;304;79;107;58;166;19;24;3;6;4;8;0;3;0;0;0;16;
09175131;Oberpframmern;212;091751310611;BRIEFWAHLBEZIRK;Briefwahl 1 Oberpframmern;0611;;;N;0;0;0;0;399;0;399;0;0;2;397;198;34;76;23;39;11;7;5;3;1;1;398;176;38;72;26;47;10;12;2;0;2;3;1;3;0;0;0;6;
09175131;Oberpframmern;212;091751310612;BRIEFWAHLBEZIRK;Briefwahl 2 Oberpframmern;0612;;;N;0;0;0;0;386;0;386;0;0;3;383;204;28;76;9;31;15;11;4;5;0;0;386;181;33;70;9;40;15;15;1;5;4;2;0;2;0;0;2;7;
;;212;09177000;KREIS;Landkreis Erding;;;;N;100607;0;0;0;86751;36952;49799;0;0;363;86388;40510;7755;9190;2698;15614;4336;3338;1551;925;471;229;86522;35323;7780;9011;3938;16309;4718;4184;312;699;337;602;179;575;67;20;89;2379;
09177113;Bockhorn;212;09177113;GEMEINDE;Bockhorn;;;;N;3093;0;0;0;2763;916;1847;0;0;15;2748;1426;185;278;57;488;162;78;39;21;14;8;2755;1199;213;272;119;525;193;106;8;16;7;12;7;15;2;0;1;60;
09177113;Bockhorn;212;091771130001;STIMMBEZIRK;Bockhorn (Turnhalle);0001;;;N;3093;0;0;0;916;916;0;0;0;5;911;406;60;96;19;224;44;37;11;7;7;2;914;331;74;89;42;245;34;51;3;5;4;4;2;4;2;0;0;24;
09177113;Bockhorn;212;091771130011;BRIEFWAHLBEZIRK;Briefwahl Rathaus (Sitzungssaal);0011;;;N;0;0;0;0;633;0;633;0;0;4;629;337;45;78;11;83;39;16;10;7;3;3;630;296;57;74;15;90;52;23;3;1;2;4;1;5;0;0;1;6;
09177113;Bockhorn;212;091771130012;BRIEFWAHLBEZIRK;Briefwahl Grundschule (Mehrzweckraum);0012;;;N;0;0;0;0;629;0;629;0;0;1;628;352;39;55;16;99;34;16;10;4;3;0;629;295;41;54;35;110;50;22;1;5;0;1;2;4;0;0;0;9;
09177113;Bockhorn;212;091771130013;BRIEFWAHLBEZIRK;Briefwahl Grundschule (Aula);0013;;;N;0;0;0;0;585;0;585;0;0;5;580;331;41;49;11;82;45;9;8;3;1;3;582;277;41;55;27;80;57;10;1;5;1;3;2;2;0;0;0;21;
09177115;Dorfen;212;09177115;GEMEINDE;Dorfen;;;;N;10840;0;0;0;9309;3567;5742;0;0;38;9271;3954;966;1337;261;1549;434;451;187;79;53;22;9287;3484;916;1271;391;1556;536;592;16;66;37;86;22;52;5;1;11;245;
09177115;Dorfen;212;091771150001;STIMMBEZIRK;Zentralschule Dorfen;0001;;;N;1392;0;0;0;501;501;0;0;0;3;498;147;58;99;21;115;16;31;5;3;3;2;499;127;62;91;28;116;10;40;0;5;2;2;2;3;0;0;1;10;
09177115;Dorfen;212;091771150002;STIMMBEZIRK;Grundschule am Mühlanger, Aula;0002;;;N;1341;0;0;0;466;466;0;0;0;0;466;167;83;59;15;89;11;28;4;7;3;0;466;143;76;61;18;88;14;39;0;3;3;0;3;2;0;1;0;15;
09177115;Dorfen;212;091771150003;STIMMBEZIRK;Rathaus, Sitzungssal;0003;;;N;1126;0;0;0;371;371;0;0;0;2;369;125;46;57;12;65;12;40;5;6;1;0;371;105;39;51;20;67;12;45;1;4;1;2;2;2;1;0;1;18;
09177115;Dorfen;212;091771150004;STIMMBEZIRK;Sparkasse Erding-Dorfen,Vorraum, 3. OG;0004;;;N;1391;0;0;0;460;460;0;0;0;4;456;109;73;109;11;85;10;44;9;5;1;2;458;101;66;108;21;80;4;47;1;3;2;2;1;4;1;0;0;17;
09177115;Dorfen;212;091771150005;STIMMBEZIRK;Schützenheim Altschützen Dorfen;0005;;;N;1537;0;0;0;501;501;0;0;0;1;500;167;54;90;11;119;12;29;12;2;4;1;500;140;51;91;25;116;14;28;1;3;2;6;0;2;0;0;2;19;
09177115;Dorfen;212;091771150006;STIMMBEZIRK;Schule Eibach, Turnhalle;0006;;;N;1408;0;0;0;360;360;0;0;0;1;359;146;30;26;12;110;15;14;6;0;0;0;360;135;28;22;19;111;15;20;1;0;1;2;0;0;0;0;1;5;
09177115;Dorfen;212;091771150007;STIMMBEZIRK;Turnhalle Oberdorfen;0007;;;N;1466;0;0;0;550;550;0;0;0;1;549;222;50;75;14;121;20;29;12;4;2;0;550;194;44;70;34;119;15;37;1;4;4;5;1;3;1;0;1;17;
09177115;Dorfen;212;091771150008;STIMMBEZIRK;Trachtenheim Wasentegernbach;0008;;;N;1179;0;0;0;358;358;0;0;0;6;352;149;19;32;12;90;25;14;6;1;4;3;355;124;20;31;24;100;23;17;2;2;0;1;0;0;0;0;1;10;
09177115;Dorfen;212;091771150021;BRIEFWAHLBEZIRK;Briefwahlbezirk 21;0021;;;N;0;0;0;0;523;0;523;0;0;0;523;221;56;85;19;66;24;27;15;3;7;1;522;175;51;82;23;65;51;35;2;6;1;8;3;4;0;0;0;16;
09177115;Dorfen;212;091771150022;BRIEFWAHLBEZIRK;Briefwahlbezirk 22;0022;;;N;0;0;0;0;472;0;472;0;0;1;471;227;53;71;4;54;24;19;14;2;3;0;472;195;54;69;9;58;29;31;1;2;4;8;1;2;0;0;1;8;
09177115;Dorfen;212;091771150023;BRIEFWAHLBEZIRK;Briefwahlbezirk 23;0023;;;N;0;0;0;0;474;0;474;0;0;1;473;249;45;58;10;57;21;12;15;4;2;0;474;209;43;54;14;59;46;23;0;4;1;6;1;2;0;0;0;12;
09177115;Dorfen;212;091771150024;BRIEFWAHLBEZIRK;Briefwahlbezirk 24;0024;;;N;0;0;0;0;476;0;476;0;0;5;471;220;37;62;13;80;26;15;9;5;4;3;473;198;30;64;20;77;35;21;0;6;1;7;1;2;0;0;0;11;
09177115;Dorfen;212;091771150025;BRIEFWAHLBEZIRK;Briefwahlbezirk 25;0025;;;N;0;0;0;0;526;0;526;0;0;2;524;265;48;75;16;48;32;16;15;6;3;2;524;249;46;68;20;48;38;29;1;3;5;2;1;3;0;0;0;11;
09177115;Dorfen;212;091771150026;BRIEFWAHLBEZIRK;Briefwahlbezirk 26;0026;;;N;0;0;0;0;475;0;475;0;0;2;473;234;33;54;14;78;25;16;10;7;2;0;475;203;35;52;21;76;43;18;0;3;5;5;1;3;0;0;0;10;
09177115;Dorfen;212;091771150027;BRIEFWAHLBEZIRK;Briefwahlbezirk 27;0027;;;N;0;0;0;0;425;0;425;0;0;2;423;201;43;64;6;53;23;18;11;3;1;0;425;183;43;58;9;55;27;26;1;4;2;8;0;3;0;0;0;6;
09177115;Dorfen;212;091771150028;BRIEFWAHLBEZIRK;Briefwahlbezirk 28;0028;;;N;0;0;0;0;474;0;474;0;0;1;473;221;47;67;9;76;22;19;6;3;3;1;473;201;40;59;18;77;24;30;0;4;0;3;0;3;1;0;0;13;
09177115;Dorfen;212;091771150029;BRIEFWAHLBEZIRK;Briefwahlbezirk 29;0029;;;N;0;0;0;0;476;0;476;0;0;4;472;230;47;60;13;59;30;19;6;4;4;3;473;213;44;59;11;57;36;26;2;3;2;5;0;3;0;0;2;10;
09177115;Dorfen;212;091771150030;BRIEFWAHLBEZIRK;Briefwahlbezirk 30;0030;;;N;0;0;0;0;475;0;475;0;0;0;475;222;64;56;12;59;23;25;9;4;1;1;474;198;58;55;15;62;27;33;2;0;0;5;2;4;0;0;1;12;
09177115;Dorfen;212;091771150031;BRIEFWAHLBEZIRK;Briefwahlbezirk 31;0031;;;N;0;0;0;0;472;0;472;0;0;1;471;221;40;76;22;59;31;9;7;3;3;2;470;199;44;66;28;58;34;17;0;5;1;3;1;3;0;0;0;11;
09177115;Dorfen;212;091771150032;BRIEFWAHLBEZIRK;Briefwahlbezirk 32;0032;;;N;0;0;0;0;474;0;474;0;0;1;473;211;40;62;15;66;32;27;11;7;2;1;473;192;42;60;14;67;39;30;0;2;0;6;2;4;1;0;0;14;
09177117;Erding;212;09177117;GEMEINDE;Erding;;;;N;25323;0;0;0;21057;9608;11449;0;0;107;20950;9205;2499;2564;702;3264;734;1070;496;296;120;74;20983;8028;2478;2616;1067;3382;665;1302;72;178;105;161;39;190;18;4;20;658;
09177117;Erding;212;091771170001;STIMMBEZIRK;Zimmer 008 EG;0001;;;N;964;0;0;0;363;363;0;0;0;3;360;150;45;52;11;57;9;17;10;4;5;1;362;120;45;61;22;60;8;25;0;1;0;4;1;4;0;1;0;10;
09177117;Erding;212;091771170002;STIMMBEZIRK;Zimmer K033;0002;;;N;980;0;0;0;336;336;0;0;0;5;331;111;50;37;12;76;4;22;13;4;2;5;331;96;51;36;14;71;7;27;4;2;4;1;0;3;1;0;1;13;
09177117;Erding;212;091771170003;STIMMBEZIRK;Zimmer K035;0003;;;N;921;0;0;0;299;299;0;0;0;3;296;104;43;28;4;75;12;24;5;1;0;2;297;89;46;29;9;82;7;19;1;4;3;2;0;1;0;0;0;5;
09177117;Erding;212;091771170004;STIMMBEZIRK;Veranstaltungsraum 1, Zi. Nr.1, 013;0004;;;N;1170;0;0;0;426;426;0;0;0;1;425;138;54;43;17;115;11;36;5;5;1;1;425;125;44;47;18;115;10;40;1;2;3;1;1;4;0;0;0;14;
09177117;Erding;212;091771170005;STIMMBEZIRK;Veranstaltungsraum 2, Zi., Nr., 014;0005;;;N;1210;0;0;0;402;402;0;0;0;0;402;155;33;69;21;79;14;19;7;3;2;0;402;132;40;63;32;80;7;31;1;1;2;1;1;0;0;0;1;10;
09177117;Erding;212;091771170006;STIMMBEZIRK;Mehrzweckraum;0006;;;N;1224;0;0;0;490;490;0;0;0;2;488;181;47;55;16;99;15;44;17;11;3;4;486;145;45;58;32;110;10;44;0;2;5;9;1;10;0;0;0;15;
09177117;Erding;212;091771170007;STIMMBEZIRK;Handarbeitsraum Raumnummer 017;0007;;;N;1330;0;0;0;436;436;0;0;0;4;432;160;68;51;12;81;14;28;11;5;2;1;435;141;55;66;13;82;16;30;2;3;1;6;0;1;1;0;0;18;
09177117;Erding;212;091771170008;STIMMBEZIRK;Turnhalle;0008;;;N;1203;0;0;0;451;451;0;0;0;6;445;170;50;58;27;82;10;36;5;4;3;4;447;140;54;62;31;82;9;35;1;4;7;1;1;3;0;0;0;17;
09177117;Erding;212;091771170009;STIMMBEZIRK;Aula 1;0009;;;N;1111;0;0;0;405;405;0;0;0;1;404;161;48;61;12;63;10;26;12;7;4;0;405;129;48;63;21;68;14;35;1;2;1;5;0;6;0;0;1;11;
09177117;Erding;212;091771170010;STIMMBEZIRK;Aula 2;0010;;;N;937;0;0;0;285;285;0;0;0;4;281;97;45;28;12;67;9;15;4;3;1;2;283;80;40;28;16;68;6;22;4;1;3;0;0;1;0;0;1;13;
09177117;Erding;212;091771170011;STIMMBEZIRK;EG Zimmer 01;0011;;;N;1131;0;0;0;424;424;0;0;0;0;424;197;36;38;9;112;11;12;6;2;1;0;424;164;38;36;20;119;10;20;1;3;0;0;1;2;0;0;0;10;
09177117;Erding;212;091771170012;STIMMBEZIRK;EG Zimmer 02;0012;;;N;1157;0;0;0;465;465;0;0;0;4;461;205;48;62;22;72;15;22;7;5;3;1;464;164;48;64;34;76;21;21;0;3;4;2;1;5;1;0;1;19;
09177117;Erding;212;091771170013;STIMMBEZIRK;Freizeitraum EG 1-03;0013;;;N;890;0;0;0;397;397;0;0;0;1;396;147;68;59;7;69;8;25;10;3;0;2;395;132;70;56;13;69;5;29;2;4;0;4;1;0;1;0;1;8;
09177117;Erding;212;091771170014;STIMMBEZIRK;Mensa EG 1-02;0014;;;N;1062;0;0;0;470;470;0;0;0;2;468;154;51;69;17;114;10;35;10;6;2;3;467;132;44;63;21;111;11;42;2;3;3;6;4;2;1;2;0;20;
09177117;Erding;212;091771170015;STIMMBEZIRK;Turnhalle;0015;;;N;876;0;0;0;349;349;0;0;0;5;344;112;42;33;7;88;8;38;10;4;2;3;346;91;42;40;9;84;6;38;1;2;2;2;3;5;0;0;0;21;
09177117;Erding;212;091771170016;STIMMBEZIRK;EG Zimmer N03 Neubau;0016;;;N;918;0;0;0;377;377;0;0;0;3;374;121;41;47;13;100;10;25;9;7;1;1;376;99;53;44;15;100;8;28;2;6;1;2;1;1;1;0;0;15;
09177117;Erding;212;091771170017;STIMMBEZIRK;EG Zimmer N02 Neubau;0017;;;N;905;0;0;0;352;352;0;0;0;1;351;123;40;50;8;85;8;28;6;3;0;0;352;106;37;48;14;84;5;33;1;4;3;0;0;0;1;0;0;16;
09177117;Erding;212;091771170018;STIMMBEZIRK;EG Zimmer N01 Neubau;0018;;;N;1298;0;0;0;468;468;0;0;0;0;468;155;54;49;21;109;16;52;3;8;1;0;468;144;53;42;19;113;8;58;2;6;2;2;0;4;0;0;0;15;
09177117;Erding;212;091771170019;STIMMBEZIRK;Turnhalle 01;0019;;;N;1019;0;0;0;354;354;0;0;0;3;351;145;30;48;11;69;10;19;12;4;3;1;353;127;26;50;16;73;9;27;1;3;3;3;0;4;0;0;0;11;
09177117;Erding;212;091771170020;STIMMBEZIRK;EG Zimmer N05 Neubau;0020;;;N;901;0;0;0;364;364;0;0;0;1;363;112;55;46;14;80;15;31;4;3;3;4;360;103;53;38;13;84;8;30;0;4;1;1;1;3;0;0;0;21;
09177117;Erding;212;091771170021;STIMMBEZIRK;Turnhalle 02;0021;;;N;1048;0;0;0;365;365;0;0;0;1;364;145;52;43;14;53;11;24;17;4;1;1;364;131;44;54;21;55;5;23;0;2;1;8;0;3;0;0;0;17;
09177117;Erding;212;091771170022;STIMMBEZIRK;Zimmer 003EG;0022;;;N;927;0;0;0;382;382;0;0;0;4;378;167;52;41;17;71;4;18;5;2;1;1;381;137;55;39;28;69;4;21;2;2;1;2;0;3;0;0;0;18;
09177117;Erding;212;091771170023;STIMMBEZIRK;"Zimmer 004
EG";0023;;;N;984;0;0;0;396;396;0;0;0;6;390;176;43;27;21;83;11;17;7;4;1;4;392;151;44;28;29;80;13;22;2;5;1;1;0;2;0;0;0;14;
09177117;Erding;212;091771170024;STIMMBEZIRK;"Zimmer 005
EG";0024;;;N;1157;0;0;0;552;552;0;0;0;5;547;188;82;97;18;89;20;37;6;7;3;2;550;165;72;93;29;91;12;53;1;4;1;1;1;5;1;0;3;18;
09177117;Erding;212;091771170031;BRIEFWAHLBEZIRK;31 Mittelschule Lodererplatz Zimmer K130;0031;;;N;0;0;0;0;505;0;505;0;0;2;503;227;70;64;19;46;30;17;16;8;6;1;504;199;69;67;25;51;33;22;1;5;2;5;0;4;1;0;0;20;
09177117;Erding;212;091771170032;BRIEFWAHLBEZIRK;32 Mittelschule Lodererplatz Zimmer K131;0032;;;N;0;0;0;0;488;0;488;0;0;1;487;214;69;73;16;49;28;16;12;5;5;3;485;188;61;72;22;55;25;29;1;0;2;7;1;5;0;0;0;17;
09177117;Erding;212;091771170033;BRIEFWAHLBEZIRK;33 Mittelschule Lodererplatz Zimmer K132;0033;;;N;0;0;0;0;478;0;478;0;0;3;475;225;51;51;11;66;22;23;15;9;2;2;476;206;44;53;24;68;16;23;2;5;2;4;0;7;0;0;0;22;
09177117;Erding;212;091771170034;BRIEFWAHLBEZIRK;34 Mittelschule Lodererplatz Zimmer L013;0034;;;N;0;0;0;0;422;0;422;0;0;2;420;216;51;49;12;45;10;14;15;7;1;2;420;195;54;49;17;44;16;16;5;5;1;3;1;3;0;0;0;11;
09177117;Erding;212;091771170035;BRIEFWAHLBEZIRK;35 Mittelschule Lodererplatz Zimmer K134;0035;;;N;0;0;0;0;478;0;478;0;0;3;475;234;50;62;16;46;18;24;20;4;1;0;478;207;44;70;30;52;16;26;1;9;2;6;1;4;0;0;0;10;
09177117;Erding;212;091771170036;BRIEFWAHLBEZIRK;36 Mittelschule Lodererplatz Zimmer K135;0036;;;N;0;0;0;0;480;0;480;0;0;1;479;241;68;44;12;57;25;13;10;4;5;0;480;224;64;46;19;63;22;15;1;5;0;6;0;4;0;0;3;8;
09177117;Erding;212;091771170037;BRIEFWAHLBEZIRK;37 Mittelschule Lodererplatz Zimmer L016;0037;;;N;0;0;0;0;430;0;430;0;0;4;426;189;47;65;6;52;20;16;14;13;4;2;428;170;34;66;13;56;21;29;3;6;6;6;0;7;2;0;1;8;
09177117;Erding;212;091771170038;BRIEFWAHLBEZIRK;38 Mittelschule Lodererplatz Zimmer K 230;0038;;;N;0;0;0;0;482;0;482;0;0;2;480;267;56;39;20;47;19;11;11;6;4;2;480;246;55;45;27;49;18;12;1;4;2;3;1;3;1;0;2;11;
09177117;Erding;212;091771170039;BRIEFWAHLBEZIRK;39 Mittelschule Lodererplatz Zimmer K 231;0039;;;N;0;0;0;0;479;0;479;0;0;2;477;215;52;70;16;61;19;23;13;6;2;2;477;175;62;74;26;65;17;26;1;4;4;4;2;8;0;0;0;9;
09177117;Erding;212;091771170040;BRIEFWAHLBEZIRK;40 Mittelschule Lodererplatz Zimmer K232;0040;;;N;0;0;0;0;484;0;484;0;0;1;483;240;51;71;13;51;18;14;14;6;5;0;484;209;56;78;19;58;14;16;2;2;2;6;1;5;1;0;0;15;
09177117;Erding;212;091771170041;BRIEFWAHLBEZIRK;41 Mittelschule Lodererplatz Zimmer L 210;0041;;;N;0;0;0;0;477;0;477;0;0;0;477;238;39;60;15;63;16;21;11;11;3;0;477;211;44;60;26;64;14;30;3;6;2;3;0;8;0;0;0;6;
09177117;Erding;212;091771170042;BRIEFWAHLBEZIRK;42 Mittelschule Lodererplatz Zimmer L 211;0042;;;N;0;0;0;0;477;0;477;0;0;2;475;208;64;59;23;60;16;18;16;9;2;1;476;192;74;49;28;61;18;26;2;6;2;3;2;5;0;0;0;8;
09177117;Erding;212;091771170043;BRIEFWAHLBEZIRK;43 Mittelschule Lodererplatz Zimmer K235;0043;;;N;0;0;0;0;479;0;479;0;0;1;478;234;52;62;21;49;22;20;8;9;1;0;479;216;60;50;32;50;12;21;0;0;3;3;0;10;0;0;0;22;
09177117;Erding;212;091771170044;BRIEFWAHLBEZIRK;44 Mittelschule Lodererplatz Zimmer K 237;0044;;;N;0;0;0;0;473;0;473;0;0;1;472;274;63;41;6;50;13;11;12;2;0;0;473;252;71;44;10;53;15;12;1;1;0;7;0;2;0;0;0;5;
09177117;Erding;212;091771170045;BRIEFWAHLBEZIRK;45 Mittelschule Lodererplatz Zimmer L 212;0045;;;N;0;0;0;0;482;0;482;0;0;3;479;237;41;55;14;56;26;19;17;12;2;2;480;198;42;58;26;63;32;22;2;4;0;3;2;7;1;0;0;20;
09177117;Erding;212;091771170046;BRIEFWAHLBEZIRK;46 Mittelschule Lodererplatz  Zimmer L 213;0046;;;N;0;0;0;0;483;0;483;0;0;2;481;247;48;66;19;49;23;10;7;5;7;3;480;223;48;69;29;56;19;13;2;3;1;5;1;4;0;0;1;6;
09177117;Erding;212;091771170047;BRIEFWAHLBEZIRK;47 Mittelschule Lodererplatz Zimmer L 113;0047;;;N;0;0;0;0;478;0;478;0;0;1;477;277;50;41;9;53;13;14;15;3;2;1;477;241;49;44;19;58;20;21;2;3;0;4;1;2;1;0;1;11;
09177117;Erding;212;091771170048;BRIEFWAHLBEZIRK;48 Mittelschule Lodererplatz Zimmer Z 101;0048;;;N;0;0;0;0;518;0;518;0;0;1;517;264;67;62;11;56;20;24;4;7;2;1;517;229;71;58;22;59;15;32;2;5;2;3;1;5;0;1;1;11;
09177117;Erding;212;091771170049;BRIEFWAHLBEZIRK;49 Mittelschule Lodererplatz Zimmer L 112;0049;;;N;0;0;0;0;470;0;470;0;0;0;470;268;54;33;15;50;15;13;14;4;4;0;470;242;60;33;24;54;17;17;0;4;1;2;0;4;0;0;0;12;
09177117;Erding;212;091771170050;BRIEFWAHLBEZIRK;50 Mittelschule Lodererplatz Zimmer L 110;0050;;;N;0;0;0;0;478;0;478;0;0;2;476;216;55;68;18;53;21;20;9;15;1;1;477;183;52;70;36;54;14;26;1;5;1;2;2;6;1;0;1;23;
09177117;Erding;212;091771170051;BRIEFWAHLBEZIRK;51 Mittelschule Lodererplatz Zimmer L 109;0051;;;N;0;0;0;0;467;0;467;0;0;1;466;206;59;49;24;55;25;22;11;11;4;1;466;171;57;60;31;54;23;29;3;6;4;2;1;2;1;0;0;22;
09177117;Erding;212;091771170052;BRIEFWAHLBEZIRK;52 Mittelschule Lodererplatz  L 209;0052;;;N;0;0;0;0;483;0;483;0;0;3;480;245;45;66;19;55;16;14;6;13;1;3;480;204;45;78;35;59;17;17;1;3;3;2;2;6;0;0;0;8;
09177117;Erding;212;091771170053;BRIEFWAHLBEZIRK;53 Mittelschule Lodererplatz Zimmer L 111;0053;;;N;0;0;0;0;477;0;477;0;0;1;476;224;56;68;13;59;18;18;11;6;3;2;475;191;53;62;24;68;19;28;1;7;4;3;1;3;0;0;1;10;
09177117;Erding;212;091771170054;BRIEFWAHLBEZIRK;54 Mittelschule Lodererplatz Zimmer K-101;0054;;;N;0;0;0;0;481;0;481;0;0;3;478;225;64;55;11;48;16;25;14;12;8;2;479;213;62;53;14;42;13;41;2;7;7;5;1;4;1;0;0;14;
09177118;Finsing;212;09177118;GEMEINDE;Finsing;;;;N;3355;0;0;0;2966;1392;1574;0;0;10;2956;1439;252;276;105;562;128;95;42;31;26;7;2959;1270;252;263;147;601;139;122;15;30;10;10;3;22;2;0;2;71;
09177118;Finsing;212;091771180001;STIMMBEZIRK;Finsing, Bürgerhaus;0001;;;N;631;0;0;0;264;264;0;0;0;1;263;138;13;24;10;53;6;6;3;3;7;2;262;125;11;26;13;54;12;9;3;1;2;2;0;1;0;0;0;3;
09177118;Finsing;212;091771180002;STIMMBEZIRK;Neufinsing, Rathaus;0002;;;N;1017;0;0;0;454;454;0;0;0;2;452;185;36;50;21;103;15;24;5;9;4;0;454;162;42;52;28;102;10;23;9;1;1;0;2;8;0;0;0;14;
09177118;Finsing;212;091771180003;STIMMBEZIRK;Neufinsing, Vereinsheim;0003;;;N;972;0;0;0;392;392;0;0;0;2;390;173;43;34;18;87;13;11;4;5;2;1;391;153;41;28;25;93;9;20;0;5;1;1;0;2;1;0;2;10;
09177118;Finsing;212;091771180004;STIMMBEZIRK;Eicherloh, Bürgerhaus;0004;;;N;735;0;0;0;282;282;0;0;0;0;282;153;20;22;6;51;13;9;4;3;1;0;282;129;17;22;17;62;11;12;0;1;1;2;0;1;0;0;0;7;
09177118;Finsing;212;091771180011;BRIEFWAHLBEZIRK;Neufinsing, Rathaus Sitzungssaal;0011;;;N;0;0;0;0;795;0;795;0;0;0;795;403;65;75;25;141;41;22;13;4;6;1;794;365;67;61;34;144;51;34;1;8;2;4;0;4;0;0;0;19;
09177118;Finsing;212;091771180012;BRIEFWAHLBEZIRK;Neufinsing, Rathaus Untergeschoss;0012;;;N;0;0;0;0;779;0;779;0;0;5;774;387;75;71;25;127;40;23;13;7;6;3;776;336;74;74;30;146;46;24;2;14;3;1;1;6;1;0;0;18;
09177119;Forstern;212;09177119;GEMEINDE;Forstern;;;;N;2680;0;0;0;2396;1010;1386;0;0;6;2390;1211;164;260;85;388;117;76;29;47;13;4;2392;1052;205;251;110;411;129;94;5;20;11;12;4;23;2;0;3;60;
09177119;Forstern;212;091771190001;STIMMBEZIRK;Forstern;0001;;;N;1370;0;0;0;544;544;0;0;0;0;544;237;43;55;25;123;15;29;5;9;3;0;544;200;55;55;31;123;14;31;1;7;3;2;0;5;0;0;0;17;
09177119;Forstern;212;091771190002;STIMMBEZIRK;Außenbezirke, Gewerbegebiet, Am Mitterfeld, Wendelsteinstraße, Zugspitzstraße;0002;;;N;1310;0;0;0;466;466;0;0;0;1;465;198;26;53;26;105;16;19;9;9;4;3;463;161;34;52;34;111;21;18;2;3;3;2;0;3;1;0;2;16;
09177119;Forstern;212;091771190011;BRIEFWAHLBEZIRK;Briefwahl 1;0011;;;N;0;0;0;0;477;0;477;0;0;2;475;253;32;49;17;61;36;11;3;10;3;1;476;225;38;52;22;66;40;15;1;0;1;0;3;5;1;0;0;7;
09177119;Forstern;212;091771190012;BRIEFWAHLBEZIRK;Briefwahl 2;0012;;;N;0;0;0;0;452;0;452;0;0;1;451;268;30;47;7;47;30;8;3;10;1;0;452;245;32;44;10;54;33;9;1;5;2;2;1;5;0;0;0;9;
09177119;Forstern;212;091771190013;BRIEFWAHLBEZIRK;Briefwahl 3;0013;;;N;0;0;0;0;457;0;457;0;0;2;455;255;33;56;10;52;20;9;9;9;2;0;457;221;46;48;13;57;21;21;0;5;2;6;0;5;0;0;1;11;
09177120;Fraunberg;212;09177120;GEMEINDE;Fraunberg;;;;N;2763;0;0;0;2449;1269;1180;0;0;9;2440;1313;132;164;88;472;126;55;52;27;11;7;2442;1148;146;176;112;512;139;75;8;12;3;26;9;13;3;0;3;57;
09177120;Fraunberg;212;091771200001;STIMMBEZIRK;0001;0001;;;N;765;0;0;0;367;367;0;0;0;0;367;200;20;36;12;68;13;10;5;1;2;1;366;172;21;46;17;72;8;13;0;1;0;6;0;0;0;0;1;9;
09177120;Fraunberg;212;091771200002;STIMMBEZIRK;0002;0002;;;N;1087;0;0;0;449;449;0;0;0;3;446;216;30;17;27;115;14;8;10;5;4;4;445;175;30;19;36;128;20;14;1;1;0;4;1;2;0;0;2;12;
09177120;Fraunberg;212;091771200003;STIMMBEZIRK;0003;0003;;;N;705;0;0;0;323;323;0;0;0;1;322;147;17;20;11;81;17;8;16;3;2;1;322;135;18;19;18;77;20;11;0;3;2;4;1;0;3;0;0;11;
09177120;Fraunberg;212;091771200004;STIMMBEZIRK;0004;0004;;;N;206;0;0;0;130;130;0;0;0;1;129;76;6;2;7;21;9;4;2;2;0;0;130;72;6;2;7;28;4;2;0;0;1;1;1;1;0;0;0;5;
09177120;Fraunberg;212;091771200011;BRIEFWAHLBEZIRK;Briefwahl 11;0011;;;N;0;0;0;0;354;0;354;0;0;2;352;202;23;23;7;54;24;11;2;6;0;0;354;175;20;30;6;61;32;12;2;3;0;1;1;4;0;0;0;7;
09177120;Fraunberg;212;091771200012;BRIEFWAHLBEZIRK;Briefwahl 12;0012;;;N;0;0;0;0;416;0;416;0;0;0;416;235;24;40;8;64;21;7;8;8;1;0;416;213;24;40;10;70;25;13;3;1;0;5;3;6;0;0;0;3;
09177120;Fraunberg;212;091771200013;BRIEFWAHLBEZIRK;Briefwahl 13;0013;;;N;0;0;0;0;410;0;410;0;0;2;408;237;12;26;16;69;28;7;9;2;2;1;409;206;27;20;18;76;30;10;2;3;0;5;2;0;0;0;0;10;
09177123;Isen;212;09177123;GEMEINDE;Isen;;;;N;4238;0;0;0;3688;1425;2263;0;0;15;3673;1737;326;458;109;567;221;138;67;30;20;9;3679;1517;318;440;164;585;245;179;26;35;18;22;8;15;0;2;5;100;
09177123;Isen;212;091771230001;STIMMBEZIRK;Isen West;0001;;;N;1129;0;0;0;320;320;0;0;0;1;319;106;36;55;7;63;21;22;5;1;3;1;319;84;39;48;18;62;16;33;2;1;3;1;0;0;0;0;0;12;
09177123;Isen;212;091771230002;STIMMBEZIRK;Isen Ost;0002;;;N;1110;0;0;0;384;384;0;0;0;3;381;134;46;65;11;66;17;30;6;4;2;1;383;126;47;66;12;67;13;32;2;2;1;1;0;1;0;0;2;11;
09177123;Isen;212;091771230003;STIMMBEZIRK;Westach-Schnaupping-Isen Süd;0003;;;N;1132;0;0;0;413;413;0;0;0;3;410;209;23;45;8;73;25;16;8;2;1;2;411;182;17;55;17;85;11;20;1;2;1;1;0;1;0;0;1;17;
09177123;Isen;212;091771230004;STIMMBEZIRK;Mittbach-Pemmering;0004;;;N;867;0;0;0;308;308;0;0;0;1;307;160;15;36;9;56;17;8;3;1;2;1;307;142;13;27;14;55;15;14;1;8;0;1;1;0;0;1;1;14;
09177123;Isen;212;091771230011;BRIEFWAHLBEZIRK;Briefwahl 011;0011;;;N;0;0;0;0;566;0;566;0;0;0;566;296;49;62;16;77;30;14;10;8;4;0;566;252;48;63;27;74;49;23;1;4;2;7;2;5;0;0;0;9;
09177123;Isen;212;091771230012;BRIEFWAHLBEZIRK;Briefwahl 012;0012;;;N;0;0;0;0;571;0;571;0;0;1;570;287;53;60;18;77;35;16;13;7;4;1;570;253;52;60;25;83;44;25;1;7;2;3;3;5;0;0;1;6;
09177123;Isen;212;091771230013;BRIEFWAHLBEZIRK;Briefwahl 013;0013;;;N;0;0;0;0;570;0;570;0;0;4;566;276;55;61;23;72;40;16;15;5;3;0;570;241;55;58;24;77;50;25;2;10;5;4;2;2;0;0;0;15;
09177123;Isen;212;091771230014;BRIEFWAHLBEZIRK;Briefwahl 014;0014;;;N;0;0;0;0;556;0;556;0;0;2;554;269;49;74;17;83;36;16;7;2;1;3;553;237;47;63;27;82;47;7;16;1;4;4;0;1;0;1;0;16;
09177127;Lengdorf;212;09177127;GEMEINDE;Lengdorf;;;;N;2165;0;0;0;1913;752;1161;0;0;7;1906;957;109;162;57;391;126;41;39;17;7;2;1911;825;121;159;76;422;132;61;10;10;6;17;7;14;3;0;1;47;
09177127;Lengdorf;212;091771270001;STIMMBEZIRK;Stimmbezirk 1 Ort Lengdorf;0001;;;N;991;0;0;0;354;354;0;0;0;1;353;156;33;49;13;64;10;17;4;4;3;0;354;130;29;55;21;72;7;18;1;1;0;0;1;5;0;0;0;14;
09177127;Lengdorf;212;091771270002;STIMMBEZIRK;Stimmbezirk 2 gesamter Außenbereich;0002;;;N;1174;0;0;0;398;398;0;0;0;2;396;209;22;23;10;89;26;8;7;2;0;0;398;187;21;22;11;93;25;17;4;4;2;1;0;1;0;0;0;10;
09177127;Lengdorf;212;091771270011;BRIEFWAHLBEZIRK;Briefwahl 1;0011;;;N;0;0;0;0;577;0;577;0;0;2;575;304;27;47;15;110;40;6;15;10;1;2;575;253;43;44;18;128;43;7;2;3;2;7;3;7;3;0;1;11;
09177127;Lengdorf;212;091771270012;BRIEFWAHLBEZIRK;Briefwahl 2;0012;;;N;0;0;0;0;584;0;584;0;0;2;582;288;27;43;19;128;50;10;13;1;3;0;584;255;28;38;26;129;57;19;3;2;2;9;3;1;0;0;0;12;
09177130;Moosinning;212;09177130;GEMEINDE;Moosinning;;;;N;4474;0;0;0;3920;1519;2401;0;0;15;3905;1912;316;344;135;788;189;112;60;35;14;12;3908;1689;290;352;183;824;207;162;11;28;11;24;3;18;5;1;3;97;
09177130;Moosinning;212;091771300001;STIMMBEZIRK;Schule Moosinning;0001;;;N;1277;0;0;0;431;431;0;0;0;3;428;196;32;38;12;107;16;14;10;3;0;2;429;171;28;41;26;113;14;15;1;5;0;6;0;1;0;0;0;8;
09177130;Moosinning;212;091771300002;STIMMBEZIRK;Rathaus Moosinning;0002;;;N;1297;0;0;0;422;422;0;0;0;6;416;165;39;41;12;118;16;15;2;8;0;3;419;145;25;47;23;124;16;20;0;3;2;1;0;2;0;0;0;11;
09177130;Moosinning;212;091771300003;STIMMBEZIRK;Bürgerhaus Eichenried;0003;;;N;1900;0;0;0;666;666;0;0;0;2;664;292;49;57;25;197;19;16;5;4;0;4;662;259;52;48;26;205;20;21;0;3;1;4;1;2;3;0;0;17;
09177130;Moosinning;212;091771300011;BRIEFWAHLBEZIRK;Briefwahllokal Moosinning_1;0011;;;N;0;0;0;0;484;0;484;0;0;1;483;284;36;39;9;75;22;4;9;1;4;1;483;265;29;41;11;75;33;7;0;3;1;2;0;4;0;0;1;11;
09177130;Moosinning;212;091771300012;BRIEFWAHLBEZIRK;Briefwahllokal Moosinning_2;0012;;;N;0;0;0;0;488;0;488;0;0;1;487;288;26;36;15;74;18;14;5;7;4;1;487;251;34;35;21;80;23;19;1;4;1;3;1;1;0;0;0;13;
09177130;Moosinning;212;091771300013;BRIEFWAHLBEZIRK;Briefwahllokal Moosinning_3;0013;;;N;0;0;0;0;460;0;460;0;0;0;460;208;53;42;19;80;33;15;7;2;1;0;460;163;48;44;27;77;40;31;3;6;3;3;0;0;0;1;1;13;
09177130;Moosinning;212;091771300014;BRIEFWAHLBEZIRK;Briefwahllokal Eichenried_1;0014;;;N;0;0;0;0;488;0;488;0;0;0;488;259;39;43;23;65;25;14;10;6;4;0;488;236;34;41;24;68;32;32;1;2;2;1;0;6;1;0;0;8;
09177130;Moosinning;212;091771300015;BRIEFWAHLBEZIRK;Briefwahllokal Eichenried_2;0015;;;N;0;0;0;0;481;0;481;0;0;2;479;220;42;48;20;72;40;20;12;4;1;1;480;199;40;55;25;82;29;17;5;2;1;4;1;2;1;0;1;16;
09177137;Sankt Wolfgang;212;09177137;GEMEINDE;Sankt Wolfgang;;;;N;3449;0;0;0;2968;1276;1692;0;0;12;2956;1481;193;294;90;512;201;90;57;26;12;4;2964;1297;207;295;126;544;224;110;14;22;8;28;7;16;3;0;4;59;
09177137;Sankt Wolfgang;212;091771370001;STIMMBEZIRK;Sankt Wolfgang 1;0001;;;N;825;0;0;0;340;340;0;0;0;0;340;174;29;27;10;72;11;8;5;3;1;0;340;162;32;29;7;76;12;10;2;2;0;1;1;2;0;0;0;4;
09177137;Sankt Wolfgang;212;091771370002;STIMMBEZIRK;Armstorf;0002;;;N;729;0;0;0;254;254;0;0;0;0;254;99;22;18;11;61;20;11;9;3;0;0;254;88;25;19;16;62;16;11;1;4;0;5;1;1;1;0;1;3;
09177137;Sankt Wolfgang;212;091771370003;STIMMBEZIRK;Lappach;0003;;;N;314;0;0;0;146;146;0;0;0;1;145;87;5;14;2;27;4;2;1;1;2;0;146;74;5;14;6;31;8;3;0;0;0;1;0;1;0;0;0;3;
09177137;Sankt Wolfgang;212;091771370004;STIMMBEZIRK;Jeßling-Pyramoos;0004;;;N;532;0;0;0;156;156;0;0;0;2;154;74;7;19;2;28;17;2;4;1;0;1;155;63;9;15;4;35;16;6;1;0;0;4;0;1;0;0;1;0;
09177137;Sankt Wolfgang;212;091771370005;STIMMBEZIRK;Schönbrunn-Gatterberg;0005;;;N;316;0;0;0;131;131;0;0;0;0;131;74;5;3;2;29;11;5;2;0;0;0;131;68;6;4;3;30;7;5;0;1;1;2;0;0;0;0;1;3;
09177137;Sankt Wolfgang;212;091771370006;STIMMBEZIRK;Sankt Wolfgang 2;0006;;;N;733;0;0;0;249;249;0;0;0;0;249;129;20;14;11;55;9;9;1;0;1;0;249;113;16;22;18;61;6;7;0;0;0;0;0;0;1;0;0;5;
09177137;Sankt Wolfgang;212;091771370011;BRIEFWAHLBEZIRK;Briefwahl 11;0011;;;N;0;0;0;0;556;0;556;0;0;4;552;288;29;74;16;64;41;19;8;8;5;1;555;253;33;63;20;64;56;27;1;3;4;6;3;2;1;0;0;19;
09177137;Sankt Wolfgang;212;091771370012;BRIEFWAHLBEZIRK;Briefwahl 12;0012;;;N;0;0;0;0;556;0;556;0;0;2;554;276;32;74;18;80;36;18;13;6;1;0;556;231;37;66;26;88;48;27;2;3;3;6;2;5;0;0;0;12;
09177137;Sankt Wolfgang;212;091771370013;BRIEFWAHLBEZIRK;Briefwahl 13;0013;;;N;0;0;0;0;580;0;580;0;0;3;577;280;44;51;18;96;52;16;14;4;2;2;578;245;44;63;26;97;55;14;7;9;0;3;0;4;0;0;1;10;
09177139;Taufkirchen (Vils);212;09177139;GEMEINDE;Taufkirchen (Vils);;;;N;7505;0;0;0;6251;2445;3806;0;0;27;6224;2966;485;510;180;1348;354;231;89;36;25;18;6233;2576;483;482;229;1385;434;276;20;53;32;30;11;23;2;5;8;184;
09177139;Taufkirchen (Vils);212;091771390001;STIMMBEZIRK;Taufkirchen 1;0001;;;N;1240;0;0;0;367;367;0;0;0;4;363;138;27;30;10;102;16;31;9;0;0;4;363;124;31;31;15;97;14;28;0;3;2;1;1;2;0;0;1;13;
09177139;Taufkirchen (Vils);212;091771390002;STIMMBEZIRK;Taufkirchen 2;0002;;;N;1175;0;0;0;398;398;0;0;0;2;396;144;52;25;11;121;18;21;2;1;1;2;396;121;43;25;16;119;17;31;1;3;1;0;0;1;1;1;0;16;
09177139;Taufkirchen (Vils);212;091771390003;STIMMBEZIRK;Taufkirchen 3;0003;;;N;1196;0;0;0;385;385;0;0;0;5;380;128;37;36;13;112;15;23;11;4;1;3;382;108;34;37;16;117;13;23;2;6;4;2;0;0;0;2;1;17;
09177139;Taufkirchen (Vils);212;091771390004;STIMMBEZIRK;Taufkirchen 4;0004;;;N;1155;0;0;0;388;388;0;0;0;2;386;169;33;36;14;88;18;15;5;3;5;1;387;154;38;33;12;97;14;15;1;6;1;0;0;2;0;0;0;14;
09177139;Taufkirchen (Vils);212;091771390005;STIMMBEZIRK;Moosen;0005;;;N;1744;0;0;0;556;556;0;0;0;4;552;251;42;45;20;149;23;14;4;2;2;3;553;221;43;43;28;159;25;13;1;1;0;0;1;3;0;0;1;14;
09177139;Taufkirchen (Vils);212;091771390006;STIMMBEZIRK;Gebensbach;0006;;;N;446;0;0;0;153;153;0;0;0;1;152;63;13;6;2;57;9;2;0;0;0;0;153;59;8;5;3;60;9;1;2;2;0;0;0;0;0;0;0;4;
09177139;Taufkirchen (Vils);212;091771390007;STIMMBEZIRK;Hofkirchen;0007;;;N;549;0;0;0;198;198;0;0;0;0;198;103;7;15;9;41;17;3;3;0;0;1;197;81;11;12;13;45;22;6;0;0;1;1;0;1;0;0;0;4;
09177139;Taufkirchen (Vils);212;091771390021;BRIEFWAHLBEZIRK;Briefwahlvorstand 1;0021;;;N;0;0;0;0;551;0;551;0;0;2;549;253;64;67;20;79;27;25;6;4;4;1;550;216;65;63;22;86;28;27;1;8;6;4;2;2;1;0;0;19;
09177139;Taufkirchen (Vils);212;091771390022;BRIEFWAHLBEZIRK;Briefwahlvorstand 2;0022;;;N;0;0;0;0;551;0;551;0;0;1;550;301;33;40;10;103;37;13;8;4;1;1;550;261;32;39;15;112;44;22;1;5;2;2;0;1;0;0;1;13;
09177139;Taufkirchen (Vils);212;091771390023;BRIEFWAHLBEZIRK;Briefwahlvorstand 3;0023;;;N;0;0;0;0;548;0;548;0;0;1;547;281;45;43;9;112;25;19;7;5;1;1;547;261;36;44;11;110;25;24;4;5;4;4;0;5;0;0;1;13;
09177139;Taufkirchen (Vils);212;091771390024;BRIEFWAHLBEZIRK;Briefwahlvorstand 4;0024;;;N;0;0;0;0;543;0;543;0;0;0;543;276;36;43;18;101;38;17;9;3;2;0;543;247;33;38;19;107;37;25;4;5;4;3;3;2;0;0;1;15;
09177139;Taufkirchen (Vils);212;091771390025;BRIEFWAHLBEZIRK;Briefwahlvorstand 5;0025;;;N;0;0;0;0;555;0;555;0;0;3;552;298;25;30;18;109;38;15;11;3;5;0;555;256;28;28;24;102;68;20;2;4;4;7;1;1;0;0;0;10;
09177139;Taufkirchen (Vils);212;091771390026;BRIEFWAHLBEZIRK;Briefwahlvorstand 6;0026;;;N;0;0;0;0;546;0;546;0;0;1;545;276;44;49;17;97;36;15;5;5;1;1;545;226;48;44;15;99;67;21;1;3;2;2;2;1;0;2;0;12;
09177139;Taufkirchen (Vils);212;091771390027;BRIEFWAHLBEZIRK;Briefwahlvorstand 7;0027;;;N;0;0;0;0;512;0;512;0;0;1;511;285;27;45;9;77;37;18;9;2;2;0;512;241;33;40;20;75;51;20;0;2;1;4;1;2;0;0;2;20;
;;212;091775120;VERBANDSGEMEINDE;Verwaltungsgemeinschaft Pastetten;;;;N;3301;0;0;0;2933;1104;1829;0;0;14;2919;1444;206;278;90;529;186;62;43;54;27;3;2930;1246;223;267;131;573;206;92;18;28;11;23;8;19;3;0;5;77;
09177114;Buch a.Buchrain;212;09177114;GEMEINDE;Buch a.Buchrain;;;;N;1242;0;0;0;1116;485;631;0;0;9;1107;531;74;119;40;219;69;18;17;10;10;2;1114;469;76;106;59;236;67;37;6;10;4;9;0;4;0;0;3;28;
09177114;Buch a.Buchrain;212;091771140101;STIMMBEZIRK;Urnenwahl 0101;0101;;;N;1242;0;0;0;485;485;0;0;0;5;480;230;29;47;14;122;17;7;5;5;4;1;484;200;34;42;26;134;13;10;1;1;1;5;0;1;0;0;2;14;
09177114;Buch a.Buchrain;212;091771140011;BRIEFWAHLBEZIRK;Briefwahl 0011;0011;;;N;0;0;0;0;631;0;631;0;0;4;627;301;45;72;26;97;52;11;12;5;6;1;630;269;42;64;33;102;54;27;5;9;3;4;0;3;0;0;1;14;
09177135;Pastetten;212;09177135;GEMEINDE;Pastetten;;;;N;2059;0;0;0;1817;619;1198;0;0;5;1812;913;132;159;50;310;117;44;26;44;17;1;1816;777;147;161;72;337;139;55;12;18;7;14;8;15;3;0;2;49;
09177135;Pastetten;212;091771350201;STIMMBEZIRK;Urnenwahl 0201;0201;;;N;1079;0;0;0;360;360;0;0;0;3;357;160;31;28;7;85;15;12;2;14;3;0;360;150;33;24;12;84;18;13;1;3;3;0;0;6;1;0;0;12;
09177135;Pastetten;212;091771350202;STIMMBEZIRK;Urnenwahl 0202;0202;;;N;980;0;0;0;259;259;0;0;0;0;259;119;21;25;6;59;10;8;4;6;1;0;259;96;18;31;11;66;13;11;3;3;2;2;1;0;0;0;0;2;
09177135;Pastetten;212;091771350012;BRIEFWAHLBEZIRK;Briefwahl 0012;0012;;;N;0;0;0;0;607;0;607;0;0;1;606;300;38;64;19;93;50;15;6;17;4;0;607;249;47;59;28;104;47;19;4;9;1;3;3;6;1;0;0;27;
09177135;Pastetten;212;091771350013;BRIEFWAHLBEZIRK;Briefwahl 0013;0013;;;N;0;0;0;0;591;0;591;0;0;1;590;334;42;42;18;73;42;9;14;7;9;1;590;282;49;47;21;83;61;12;4;3;1;9;4;3;1;0;2;8;
;;212;091775121;VERBANDSGEMEINDE;Verwaltungsgemeinschaft Hörlkofen;;;;N;4939;0;0;0;4410;1828;2582;0;0;13;4397;2043;450;599;126;654;221;151;75;50;28;8;4402;1762;446;600;191;686;243;199;26;36;24;35;12;35;3;0;3;101;
09177142;Walpertskirchen;212;09177142;GEMEINDE;Walpertskirchen;;;;N;1604;0;0;0;1441;584;857;0;0;7;1434;750;138;137;36;232;71;39;16;8;7;3;1438;659;126;144;53;242;89;53;9;13;8;7;1;5;1;0;1;27;
09177142;Walpertskirchen;212;091771420001;STIMMBEZIRK;Stimmbezirk I;0001;;;N;1604;0;0;0;584;584;0;0;0;4;580;285;48;56;13;125;28;17;4;2;2;2;582;239;47;65;29;126;24;23;4;3;3;2;0;2;0;0;1;14;
09177142;Walpertskirchen;212;091771420011;BRIEFWAHLBEZIRK;Briefwahl I;0011;;;N;0;0;0;0;428;0;428;0;0;1;427;227;38;41;13;58;26;13;8;1;2;0;428;212;30;40;10;62;36;17;3;5;0;2;1;0;1;0;0;9;
09177142;Walpertskirchen;212;091771420012;BRIEFWAHLBEZIRK;Briefwahl II;0012;;;N;0;0;0;0;429;0;429;0;0;2;427;238;52;40;10;49;17;9;4;5;3;1;428;208;49;39;14;54;29;13;2;5;5;3;0;3;0;0;0;4;
09177144;Wörth;212;09177144;GEMEINDE;Wörth;;;;N;3335;0;0;0;2969;1244;1725;0;0;6;2963;1293;312;462;90;422;150;112;59;42;21;5;2964;1103;320;456;138;444;154;146;17;23;16;28;11;30;2;0;2;74;
09177144;Wörth;212;091771440001;STIMMBEZIRK;Stimmbezirk I;0001;;;N;1082;0;0;0;475;475;0;0;0;1;474;183;36;107;14;88;20;12;5;6;3;1;474;164;38;106;21;90;16;16;6;4;2;2;0;4;0;0;0;5;
09177144;Wörth;212;091771440002;STIMMBEZIRK;Stimmbezirk II;0002;;;N;1152;0;0;0;449;449;0;0;0;1;448;192;46;45;13;81;21;27;8;12;3;1;448;162;52;48;23;91;17;28;2;0;4;7;1;7;1;0;0;5;
09177144;Wörth;212;091771440003;STIMMBEZIRK;Stimmbezirk III;0003;;;N;1101;0;0;0;320;320;0;0;0;0;320;125;30;44;22;61;16;16;4;1;1;0;320;95;37;45;26;59;13;18;3;1;2;4;1;2;0;0;1;13;
09177144;Wörth;212;091771440011;BRIEFWAHLBEZIRK;Briefwahl I;0011;;;N;0;0;0;0;575;0;575;0;0;1;574;265;66;101;11;63;22;22;12;7;5;1;574;236;64;94;17;62;27;33;3;7;5;5;2;5;0;0;0;14;
09177144;Wörth;212;091771440012;BRIEFWAHLBEZIRK;Briefwahl II;0012;;;N;0;0;0;0;576;0;576;0;0;2;574;282;65;78;14;53;32;18;21;8;3;0;576;245;65;77;26;59;42;24;1;7;2;7;2;8;1;0;1;9;
09177144;Wörth;212;091771440013;BRIEFWAHLBEZIRK;Briefwahl III;0013;;;N;0;0;0;0;574;0;574;0;0;1;573;246;69;87;16;76;39;17;9;8;6;2;572;201;64;86;25;83;39;27;2;4;1;3;5;4;0;0;0;28;
;;212;091775123;VERBANDSGEMEINDE;Verwaltungsgemeinschaft Oberding;;;;N;6385;0;0;0;5645;2717;2928;0;0;17;5628;2732;414;463;178;1201;303;197;68;48;24;14;5631;2422;409;433;259;1243;328;223;20;45;10;21;7;37;1;3;5;165;
09177116;Eitting;212;09177116;GEMEINDE;Eitting;;;;N;2046;0;0;0;1800;890;910;0;0;8;1792;843;118;112;48;453;114;63;21;9;11;6;1794;759;117;93;68;458;131;74;6;11;3;8;2;10;0;1;4;49;
09177116;Eitting;212;091771160101;STIMMBEZIRK;Eitting;0101;;;N;1158;0;0;0;453;453;0;0;0;1;452;189;26;29;15;144;22;19;7;0;1;2;451;167;26;26;19;141;26;24;1;4;2;4;0;0;0;0;1;10;
09177116;Eitting;212;091771160102;STIMMBEZIRK;Gaden, Eittingermoos;0102;;;N;439;0;0;0;205;205;0;0;0;0;205;87;12;12;6;64;13;10;0;0;1;1;204;78;11;8;6;66;18;10;1;0;0;0;0;1;0;1;0;4;
09177116;Eitting;212;091771160103;STIMMBEZIRK;Reisen;0103;;;N;449;0;0;0;232;232;0;0;0;2;230;93;20;14;4;74;15;7;0;1;2;2;230;81;16;15;11;76;13;11;0;0;0;0;0;1;0;0;0;6;
09177116;Eitting;212;091771160111;BRIEFWAHLBEZIRK;Briefwahl Eitting I;0111;;;N;0;0;0;0;260;0;260;0;0;2;258;117;20;21;9;48;20;9;7;2;5;1;259;106;21;15;13;49;23;10;3;2;0;2;1;1;0;0;1;12;
09177116;Eitting;212;091771160112;BRIEFWAHLBEZIRK;Briefwahl Eitting II;0112;;;N;0;0;0;0;324;0;324;0;0;1;323;169;18;21;6;68;23;9;3;4;2;0;324;153;18;16;9;65;27;13;1;4;1;1;0;3;0;0;1;12;
09177116;Eitting;212;091771160113;BRIEFWAHLBEZIRK;Briefwahl Eitting III;0113;;;N;0;0;0;0;326;0;326;0;0;2;324;188;22;15;8;55;21;9;4;2;0;0;326;174;25;13;10;61;24;6;0;1;0;1;1;4;0;0;1;5;
09177133;Oberding;212;09177133;GEMEINDE;Oberding;;;;N;4339;0;0;0;3845;1827;2018;0;0;9;3836;1889;296;351;130;748;189;134;47;39;13;8;3837;1663;292;340;191;785;197;149;14;34;7;13;5;27;1;2;1;116;
09177133;Oberding;212;091771330201;STIMMBEZIRK;Oberding;0201;;;N;1253;0;0;0;497;497;0;0;0;2;495;206;27;45;18;150;16;20;4;9;0;2;495;186;31;43;25;147;17;18;1;3;0;0;0;6;0;0;0;18;
09177133;Oberding;212;091771330202;STIMMBEZIRK;Niederding;0202;;;N;529;0;0;0;195;195;0;0;0;0;195;95;21;27;5;30;7;5;4;1;0;0;195;83;18;21;5;34;11;15;0;0;0;1;0;2;0;0;0;5;
09177133;Oberding;212;091771330203;STIMMBEZIRK;Schwaig;0203;;;N;942;0;0;0;405;405;0;0;0;0;405;163;29;25;20;112;17;25;10;3;1;0;405;133;26;28;29;120;10;25;2;9;0;2;1;1;0;0;0;19;
09177133;Oberding;212;091771330204;STIMMBEZIRK;Aufkirchen;0204;;;N;662;0;0;0;320;320;0;0;0;0;320;156;26;42;15;49;13;10;4;4;1;2;318;141;24;44;22;47;14;10;2;2;1;0;0;2;0;1;0;8;
09177133;Oberding;212;091771330205;STIMMBEZIRK;Notzing;0205;;;N;953;0;0;0;410;410;0;0;0;2;408;228;31;24;10;85;10;12;3;3;2;1;409;204;30;28;19;87;7;11;1;4;1;0;1;4;0;0;0;12;
09177133;Oberding;212;091771330211;BRIEFWAHLBEZIRK;Briefwahl Oberding I;0211;;;N;0;0;0;0;347;0;347;0;0;1;346;153;32;38;11;64;26;15;2;2;3;1;346;135;30;36;15;71;18;15;1;4;1;0;1;3;0;1;0;15;
09177133;Oberding;212;091771330212;BRIEFWAHLBEZIRK;Briefwahl Oberding II;0212;;;N;0;0;0;0;343;0;343;0;0;0;343;192;19;25;13;59;19;8;2;5;1;1;342;181;23;26;12;58;27;4;0;1;1;0;0;3;0;0;0;6;
09177133;Oberding;212;091771330213;BRIEFWAHLBEZIRK;Briefwahl Oberding III;0213;;;N;0;0;0;0;348;0;348;0;0;2;346;198;33;25;7;53;17;8;3;1;1;0;348;164;31;28;12;62;24;8;2;2;1;3;0;1;0;0;0;10;
09177133;Oberding;212;091771330214;BRIEFWAHLBEZIRK;Briefwahl Oberding IV;0214;;;N;0;0;0;0;289;0;289;0;0;0;289;134;26;30;13;38;20;14;6;7;1;0;289;109;29;26;18;49;25;18;2;2;1;1;0;1;0;0;0;8;
09177133;Oberding;212;091771330215;BRIEFWAHLBEZIRK;Briefwahl Oberding V;0215;;;N;0;0;0;0;342;0;342;0;0;0;342;191;27;37;5;54;17;5;3;1;2;0;342;170;28;32;14;56;22;9;1;1;0;1;1;1;0;0;0;6;
09177133;Oberding;212;091771330216;BRIEFWAHLBEZIRK;Briefwahl Oberding VI;0216;;;N;0;0;0;0;349;0;349;0;0;2;347;173;25;33;13;54;27;12;6;3;1;1;348;157;22;28;20;54;22;16;2;6;1;5;1;3;1;0;1;9;
;;212;091775124;VERBANDSGEMEINDE;Verwaltungsgemeinschaft Oberneuching;;;;N;3479;0;0;0;3125;1418;1707;0;0;19;3106;1470;262;348;117;511;156;94;66;46;36;12;3113;1303;264;342;173;554;160;114;8;23;19;34;5;33;3;0;4;74;
09177131;Neuching;212;09177131;GEMEINDE;Neuching;;;;N;1993;0;0;0;1785;832;953;0;0;14;1771;881;153;123;74;321;99;46;35;25;14;9;1776;769;154;139;99;346;107;56;6;13;8;17;2;12;1;0;3;44;
09177131;Neuching;212;091771310001;STIMMBEZIRK;Kinderkrippe;0001;;;N;1161;0;0;0;447;447;0;0;0;0;447;219;28;32;10;94;25;17;13;6;3;0;447;188;31;36;18;99;29;19;1;3;3;3;0;4;0;0;2;11;
09177131;Neuching;212;091771310002;STIMMBEZIRK;Grundschule;0002;;;N;832;0;0;0;385;385;0;0;0;3;382;181;34;15;21;100;15;7;6;2;1;1;384;166;38;19;15;112;10;9;2;4;0;2;0;0;0;0;0;7;
09177131;Neuching;212;091771310011;BRIEFWAHLBEZIRK;Briefwahl Neuching 1;0011;;;N;0;0;0;0;453;0;453;0;0;2;451;223;43;40;23;62;27;12;8;9;4;0;453;188;33;41;30;65;40;18;1;5;5;8;1;3;1;0;0;14;
09177131;Neuching;212;091771310012;BRIEFWAHLBEZIRK;Briefwahl Neuching 2;0012;;;N;0;0;0;0;500;0;500;0;0;9;491;258;48;36;20;65;32;10;8;8;6;8;492;227;52;43;36;70;28;10;2;1;0;4;1;5;0;0;1;12;
09177134;Ottenhofen;212;09177134;GEMEINDE;Ottenhofen;;;;N;1486;0;0;0;1340;586;754;0;0;5;1335;589;109;225;43;190;57;48;31;21;22;3;1337;534;110;203;74;208;53;58;2;10;11;17;3;21;2;0;1;30;
09177134;Ottenhofen;212;091771340001;STIMMBEZIRK;Josef-Vogl-Halle;0003;;;N;1486;0;0;0;586;586;0;0;0;4;582;240;48;98;16;88;25;27;20;12;8;3;583;212;56;91;36;98;19;22;0;4;2;12;2;14;0;0;1;14;
09177134;Ottenhofen;212;091771340013;BRIEFWAHLBEZIRK;Briefwahl Ottenhofen 1;0013;;;N;0;0;0;0;385;0;385;0;0;1;384;183;34;73;11;44;20;8;4;3;4;0;385;170;27;62;19;48;19;19;1;4;6;1;0;3;0;0;0;6;
09177134;Ottenhofen;212;091771340014;BRIEFWAHLBEZIRK;Briefwahl Ottenhofen 2;0014;;;N;0;0;0;0;369;0;369;0;0;0;369;166;27;54;16;58;12;13;7;6;10;0;369;152;27;50;19;62;15;17;1;2;3;4;1;4;2;0;0;10;
;;212;091775125;VERBANDSGEMEINDE;Verwaltungsgemeinschaft Steinkirchen;;;;N;4304;0;0;0;3834;1493;2341;0;0;15;3819;1963;176;240;117;878;254;111;45;20;15;6;3828;1703;206;225;172;914;309;126;11;25;6;21;10;11;4;2;5;78;
09177121;Hohenpolding;212;09177121;GEMEINDE;Hohenpolding;;;;N;1241;0;0;0;1094;468;626;0;0;4;1090;555;41;72;22;265;71;44;15;2;3;1;1093;466;54;61;46;280;89;49;2;8;2;6;4;3;2;0;1;20;
09177121;Hohenpolding;212;091771210001;STIMMBEZIRK;Hohenpolding;0001;;;N;1241;0;0;0;468;468;0;0;0;0;468;235;17;30;13;119;23;23;5;1;2;1;467;194;25;22;29;124;31;24;1;1;0;2;0;3;0;0;0;11;
09177121;Hohenpolding;212;091771210011;BRIEFWAHLBEZIRK;Hohenpolding;0011;;;N;0;0;0;0;626;0;626;0;0;4;622;320;24;42;9;146;48;21;10;1;1;0;626;272;29;39;17;156;58;25;1;7;2;4;4;0;2;0;1;9;
09177122;Inning a.Holz;212;09177122;GEMEINDE;Inning a.Holz;;;;N;1178;0;0;0;1056;398;658;0;0;4;1052;577;66;70;25;207;49;29;12;8;9;1;1055;517;77;65;36;215;58;33;5;4;2;7;1;4;0;2;1;28;
09177122;Inning a.Holz;212;091771220002;STIMMBEZIRK;Inning a.Holz;0002;;;N;1178;0;0;0;398;398;0;0;0;2;396;190;25;23;7;104;17;19;4;3;4;1;397;171;34;13;15;106;15;22;0;1;2;4;0;2;0;2;1;9;
09177122;Inning a.Holz;212;091771220012;BRIEFWAHLBEZIRK;Inning a.Holz;0012;;;N;0;0;0;0;658;0;658;0;0;2;656;387;41;47;18;103;32;10;8;5;5;0;658;346;43;52;21;109;43;11;5;3;0;3;1;2;0;0;0;19;
09177124;Kirchberg;212;09177124;GEMEINDE;Kirchberg;;;;N;862;0;0;0;736;307;429;0;0;5;731;332;33;50;42;193;48;17;10;4;2;2;734;283;37;48;47;208;55;19;2;8;1;3;2;4;0;0;3;14;
09177124;Kirchberg;212;091771240003;STIMMBEZIRK;Kirchberg;0003;;;N;862;0;0;0;307;307;0;0;0;1;306;128;15;17;20;96;14;10;4;2;0;0;307;101;16;18;26;105;14;13;0;2;1;2;0;2;0;0;2;5;
09177124;Kirchberg;212;091771240013;BRIEFWAHLBEZIRK;Kirchberg;0013;;;N;0;0;0;0;429;0;429;0;0;4;425;204;18;33;22;97;34;7;6;2;2;2;427;182;21;30;21;103;41;6;2;6;0;1;2;2;0;0;1;9;
09177138;Steinkirchen;212;09177138;GEMEINDE;Steinkirchen;;;;N;1023;0;0;0;948;320;628;0;0;2;946;499;36;48;28;213;86;21;8;6;1;2;946;437;38;51;43;211;107;25;2;5;1;5;3;0;2;0;0;16;
09177138;Steinkirchen;212;091771380004;STIMMBEZIRK;Steinkirchen;0004;;;N;1023;0;0;0;320;320;0;0;0;1;319;156;11;12;12;99;20;7;1;0;1;0;320;139;11;15;17;101;20;7;0;2;1;0;1;0;0;0;0;6;
09177138;Steinkirchen;212;091771380014;BRIEFWAHLBEZIRK;Steinkirchen;0014;;;N;0;0;0;0;628;0;628;0;0;1;627;343;25;36;16;114;66;14;7;6;0;2;626;298;27;36;26;110;87;18;2;3;0;5;2;0;2;0;0;10;
;;212;091775126;VERBANDSGEMEINDE;Verwaltungsgemeinschaft Wartenberg;;;;N;8314;0;0;0;7124;3213;3911;0;0;24;7100;3257;620;615;201;1512;424;286;97;62;26;19;7105;2802;603;567;288;1592;429;351;24;72;19;40;17;39;8;2;6;246;
09177112;Berglern;212;09177112;GEMEINDE;Berglern;;;;N;2164;0;0;0;1891;875;1016;0;0;2;1889;836;137;153;53;450;138;72;22;19;9;4;1887;711;141;141;72;481;127;87;8;12;4;6;2;9;6;1;1;78;
09177112;Berglern;212;091771120101;STIMMBEZIRK;Stimmbezirk 1 - Berglern;0101;;;N;1072;0;0;0;456;456;0;0;0;0;456;203;30;38;14;123;20;14;5;6;3;0;456;166;26;33;22;136;24;17;3;3;0;0;2;1;4;0;1;18;
09177112;Berglern;212;091771120102;STIMMBEZIRK;Stimmbezirk 2 - Berglern;0102;;;N;1092;0;0;0;419;419;0;0;0;0;419;168;37;25;11;117;31;22;5;1;2;0;419;144;39;27;15;121;20;28;1;3;1;3;0;1;1;0;0;15;
09177112;Berglern;212;091771120111;BRIEFWAHLBEZIRK;Briefwahl 1 - Berglern;0111;;;N;0;0;0;0;477;0;477;0;0;1;476;208;36;31;18;113;41;14;6;8;1;2;475;187;38;25;22;119;38;16;2;2;1;2;0;5;0;0;0;18;
09177112;Berglern;212;091771120112;BRIEFWAHLBEZIRK;Briefwahl 2 - Berglern;0112;;;N;0;0;0;0;539;0;539;0;0;1;538;257;34;59;10;97;46;22;6;4;3;2;537;214;38;56;13;105;45;26;2;4;2;1;0;2;1;1;0;27;
09177126;Langenpreising;212;09177126;GEMEINDE;Langenpreising;;;;N;2222;0;0;0;1935;871;1064;0;0;3;1932;914;154;169;48;404;130;62;29;17;5;3;1932;796;152;153;70;419;142;77;4;20;4;13;9;12;0;0;2;59;
09177126;Langenpreising;212;091771260201;STIMMBEZIRK;Stimmbezirk 1 - Langenpreising;0201;;;N;1106;0;0;0;418;418;0;0;0;0;418;176;33;42;11;109;18;15;6;7;1;0;418;169;31;38;15;110;17;19;1;6;1;3;0;3;0;0;0;5;
09177126;Langenpreising;212;091771260202;STIMMBEZIRK;Stimmbezirk 2 - Langenpreising;0202;;;N;1116;0;0;0;453;453;0;0;0;1;452;201;37;27;14;127;27;13;4;2;0;1;452;161;38;31;19;128;25;17;3;2;0;3;4;2;0;0;0;19;
09177126;Langenpreising;212;091771260211;BRIEFWAHLBEZIRK;Briefwahl 1 - Langenpreising;0211;;;N;0;0;0;0;544;0;544;0;0;1;543;269;48;51;14;97;35;16;6;4;3;1;543;231;47;41;14;103;52;23;0;6;2;6;2;5;0;0;0;11;
09177126;Langenpreising;212;091771260212;BRIEFWAHLBEZIRK;Briefwahl 2 - Langenpreising;0212;;;N;0;0;0;0;520;0;520;0;0;1;519;268;36;49;9;71;50;18;13;4;1;1;519;235;36;43;22;78;48;18;0;6;1;1;3;2;0;0;2;24;
09177143;Wartenberg;212;09177143;GEMEINDE;Wartenberg;;;;N;3928;0;0;0;3298;1467;1831;0;0;19;3279;1507;329;293;100;658;156;152;46;26;12;12;3286;1295;310;273;146;692;160;187;12;40;11;21;6;18;2;1;3;109;
09177143;Wartenberg;212;091771430301;STIMMBEZIRK;Stimmbezirk 1 - Wartenberg;0301;;;N;887;0;0;0;339;339;0;0;0;1;338;136;35;22;12;89;15;19;5;4;1;1;338;131;29;22;13;94;14;18;1;2;2;1;0;4;0;1;0;6;
09177143;Wartenberg;212;091771430302;STIMMBEZIRK;Stimmbezirk 2 - Wartenberg;0302;;;N;1025;0;0;0;387;387;0;0;0;6;381;147;33;38;12;102;14;21;7;4;3;3;384;118;37;38;23;114;12;20;2;2;1;2;1;4;0;0;0;10;
09177143;Wartenberg;212;091771430303;STIMMBEZIRK;Stimmbezirk 3 - Wartenberg;0303;;;N;989;0;0;0;342;342;0;0;0;0;342;134;43;26;10;87;15;21;5;1;0;1;341;105;41;25;15;93;15;24;2;3;2;2;1;0;0;0;1;12;
09177143;Wartenberg;212;091771430304;STIMMBEZIRK;Stimmbezirk 4 - Wartenberg;0304;;;N;1027;0;0;0;399;399;0;0;0;1;398;162;38;35;11;110;12;20;6;4;0;1;398;135;40;30;25;107;13;22;2;3;1;1;0;2;1;0;0;16;
09177143;Wartenberg;212;091771430311;BRIEFWAHLBEZIRK;Briefwahl 1 - Wartenberg;0311;;;N;0;0;0;0;373;0;373;0;0;1;372;169;39;50;9;57;24;18;2;4;0;0;373;147;33;50;10;62;22;18;2;3;1;3;0;4;0;0;1;17;
09177143;Wartenberg;212;091771430312;BRIEFWAHLBEZIRK;Briefwahl 2 - Wartenberg;0312;;;N;0;0;0;0;479;0;479;0;0;4;475;238;38;56;24;64;28;14;7;1;5;2;477;211;34;47;33;62;29;28;1;6;2;3;0;0;1;0;0;20;
09177143;Wartenberg;212;091771430313;BRIEFWAHLBEZIRK;Briefwahl 3 - Wartenberg;0313;;;N;0;0;0;0;497;0;497;0;0;4;493;252;52;43;7;78;25;21;9;4;2;3;494;221;51;33;9;86;23;34;1;10;1;6;3;1;0;0;0;15;
09177143;Wartenberg;212;091771430314;BRIEFWAHLBEZIRK;Briefwahl 4 - Wartenberg;0314;;;N;0;0;0;0;482;0;482;0;0;2;480;269;51;23;15;71;23;18;5;4;1;1;481;227;45;28;18;74;32;23;1;11;1;3;1;3;0;0;1;13;
