datum,verbrauch_kWh,verbrauchPrivat_kWh,verbrauchGewerbe_kWh,verbrauchOeffentlich_kWh,erzeugung_kWh,erzeugungErneuerbar_kWh,erzeugungBiomasse_kWh,erzeugungSolar_kWh,erzeugungWasserkraft_kWh,erzeugungWind_kWh,erzeugungAndereErneuerbar_kWh,erzeugungNichtErneuerbar_kWh,netzeinspeisung_kWh,netzbezug_kWh,ueberschuss
2022-10-08,1247080.196,561657.03,646694.489,38728.678,201635.015,192677.496,156774.279,0,2892.932,0,33010.285,8957.519,0,1045445.181,0
2022-10-09,1068169.6,550714.112,482527.196,34928.293,201367.352,192497.261,156738.213,0,2932.951,0,32826.097,8870.091,0,866802.248,0
2022-10-10,1418053.733,539635.296,821512.233,56906.205,200973.017,192310.102,156734.868,0,2812.38,0,32762.854,8662.915,0,1217080.716,0
2022-10-11,1423003.429,528719.746,837477.693,56805.991,198732.685,190040.191,155226.446,0,2677.632,0,32136.113,8692.494,0,1224270.744,0
2022-10-12,1463094.049,530637.021,873825.344,58631.685,201613.162,192930.752,158722.523,0,2604.339,0,31603.89,8682.41,0,1261480.887,0
2022-10-13,1439702.656,531310.991,850723.11,57668.555,207117.043,198397.833,163156.194,0,2516.116,0,32725.523,8719.21,0,1232585.613,0
2022-10-14,1437244.58,532099.346,849327.988,55817.246,205015.346,196276.31,160942.853,0,2698.769,0,32634.688,8739.036,0,1232229.234,0
2022-10-15,1227699.818,549832.478,639151.915,38715.424,205650.568,196744.738,161890.178,0,2929.398,0,31925.162,8905.83,0,1022049.25,0
2022-10-16,1031206.41,497738.785,500025.958,33441.667,209779.388,200923.33,166431.104,0,3118.012,0,31374.214,8856.058,0,821427.022,0
2022-10-17,1397777.382,499034.951,843546.33,55196.101,207689.405,199051.831,165574.844,0,3045.547,0,30431.44,8637.574,0,1190087.977,0
2022-10-18,1423007.271,513326.686,852324.193,57356.393,209159.574,200640.981,167316.859,0,2836.49,0,30487.632,8518.593,0,1213847.697,0
2022-10-19,1447570.185,530264.391,858630.176,58675.618,203029.946,194531.3,160999.631,0,2760.326,0,30771.343,8498.646,0,1244540.239,0
2022-10-20,1452580.737,545358.454,848666.522,58555.762,209957.267,201439.951,166846.062,0,2681.332,0,31912.557,8517.316,0,1242623.47,0
2022-10-21,1421435.53,532414.416,831276.351,57744.764,210811.086,202304.194,167731.594,0,2624.878,0,31947.722,8506.892,0,1210624.444,0
2022-10-22,1257096.102,577371.531,640245.025,39479.546,211893.142,203391.669,168509.958,0,2728.054,0,32153.657,8501.473,0,1045202.96,0
2022-10-23,1107266.514,536902.323,535490.252,34873.94,210139.52,201623.611,166762.75,0,2651.089,0,32209.772,8515.909,0,897126.994,0
2022-10-24,1434721.544,527486.78,847432.387,59802.377,195761.47,187215.718,152934.755,0,2855.187,0,31425.776,8545.752,0,1238960.075,0
2022-10-25,1458498.869,543571.997,857070.864,57856.007,203986.569,195298.349,160125.291,0,2873.604,0,32299.454,8688.22,0,1254512.3,0
2022-10-26,1470904.577,545707.152,866346.328,58851.097,198549.091,189885.178,154884.265,0,3157.469,0,31843.444,8663.913,0,1272355.486,0
2022-10-27,1484400.589,560196.389,866755.901,57448.298,198697.729,190060.085,154655.283,0,3141.673,0,32263.129,8637.644,0,1285702.86,0
2022-10-28,1455531.049,545223.271,854302.557,56005.222,199791.286,191070.773,156616.607,0,2987.492,0,31466.674,8720.513,0,1255739.764,0
2022-10-29,1244218.903,589903.74,616153.059,38162.105,202544.301,193724.888,158939.626,0,2797.385,0,31987.877,8819.413,0,1041674.603,0
2022-10-30,1075665.572,560883.595,478777.142,36004.834,210252.612,201359.783,165369.822,0,2842.788,0,33147.173,8892.829,0,865412.96,0
2022-10-31,1378786.582,558840.612,766626.416,53319.554,204127.808,195399.998,162732.588,0,2673.074,0,29994.336,8727.81,0,1174658.774,0
2022-11-01,1148312.568,567226.9,543888.189,37197.48,207265.506,195639.039,159712.033,0,2825.159,0,33101.847,11626.467,0,941047.063,0
2022-11-02,1479501.145,569839.128,850952.747,58709.27,210487.875,199107.317,161046.864,0,2825.826,0,35234.627,11380.558,0,1269013.27,0
2022-11-03,1497771.926,584878.048,853150.355,59743.523,207485.892,195965.289,157170.557,0,2806.716,0,35988.016,11520.603,0,1290286.034,0
2022-11-04,1488231.897,598687.606,829280.67,60263.621,210497.759,198870.424,159735.351,0,3052.128,0,36082.945,11627.335,0,1277734.139,0
2022-11-05,1318642.317,660728.419,615829.742,42084.156,209867.158,198521.77,159136.65,0,3384.672,0,36000.448,11345.388,0,1108775.159,0
2022-11-06,1148322.602,639866.467,469249.744,39206.391,212767.178,201567.766,162057.046,0,3382.142,0,36128.578,11199.412,0,935555.424,0
2022-11-07,1503134.378,604945.138,834655.728,63533.512,209270.057,198002.087,159327.931,0,3195.185,0,35478.971,11267.97,0,1293864.322,0
2022-11-08,1534672.906,619795.562,851215.912,63661.431,209831.092,198381.997,159977.795,0,3045.307,0,35358.895,11449.095,0,1324841.814,0
2022-11-09,1542981.09,622320.63,855842.612,64817.847,213214.307,201869.448,163630.781,0,2978.438,0,35260.229,11344.859,0,1329766.783,0
2022-11-10,1520605.081,609608.515,846885.361,64111.204,209240.365,198025.893,161612.32,0,2991.052,0,33422.521,11214.472,0,1311364.716,0
2022-11-11,1530319.486,635146.022,831584.417,63589.047,210409.487,198936.617,164178.452,0,2838.366,0,31919.799,11472.87,0,1319909.999,0
2022-11-12,1362392.652,687569.208,632699.351,42124.093,211097.331,199114.501,164983.565,0,2845.057,0,31285.879,11982.83,0,1151295.321,0
2022-11-13,1196003.281,665838.367,489928.272,40236.642,215773.641,203722.675,168879.981,0,2740.325,0,32102.369,12050.966,0,980229.64,0
2022-11-14,1557495.561,642842.421,850745.18,63907.96,214376.17,202724.131,165292.586,0,2872.443,0,34559.102,11652.039,0,1343119.392,0
2022-11-15,1569227.397,659196.377,845821.995,64209.024,216981.813,205371.864,166923.409,0,2842.212,0,35606.243,11609.949,0,1352245.584,0
2022-11-16,1564385.115,646417.962,855889.803,62077.35,228688.226,217118.803,166046.255,9910.09,2836.035,2467.96,35858.463,11569.423,0,1335696.889,0
2022-11-17,1573316.311,648566.87,859709.76,65039.681,250208.609,238638.444,164805.923,27376.419,2899.49,7946.52,35610.092,11570.165,0,1323107.703,0
2022-11-18,1547153.898,649673.539,832211.673,65268.686,249162.714,237854.99,166677.293,9846.841,3164.341,22587.56,35578.955,11307.725,0,1297991.184,0
2022-11-19,1368691.617,700878.648,625279.518,42533.451,258188.436,246588.946,164714.028,28335.068,3313.677,14253.72,35972.453,11599.49,0,1110503.181,0
2022-11-20,1203146.196,664439.736,499364.753,39341.707,249408.226,237632.531,164224.898,16151.11,3485.009,17650.858,36120.656,11775.695,0,953737.97,0
2022-11-21,1581751.728,667783.315,848842.848,65125.564,339869.721,328033.115,167493.819,102799.42,3473.983,18752.077,35513.816,11836.606,0,1241882.007,0
2022-11-22,1616610.436,683687.379,866454.676,66468.381,241078.63,229532.565,162166.911,24161.429,3348.862,4537.795,35317.568,11546.065,0,1375531.807,0
2022-11-23,1603085.545,685243.744,852622.437,65219.364,343583.127,331939.129,159916.462,128644.818,3433.793,4432.906,35511.151,11643.998,0,1259502.418,0
2022-11-24,1604108.923,674345.643,863443.487,66319.792,319863.082,308378.765,161062.963,81815.925,3435.936,26623.067,35440.875,11484.317,0,1284245.841,0
2022-11-25,1592566.601,685864.319,842638.169,64064.113,326185.576,314543.95,162990.787,105460.449,3476.202,7573.587,35042.924,11641.627,0,1266381.025,0
2022-11-26,1415038.356,740617.469,631446.798,42974.088,276834.249,264975.673,163273.497,58733.851,3498.323,3561.774,35908.227,11858.577,0,1138204.106,0
2022-11-27,1256323.071,728737.348,487042.877,40542.846,338543.931,326098.985,158548.117,118539.47,3457.887,9485.173,36068.338,12444.947,0,917779.14,0
2022-11-28,1636480.801,720776.538,849350.942,66353.321,258252.263,246639.742,159446.737,46802.805,3328.313,1624.761,35437.125,11612.522,0,1378228.538,0
2022-11-29,1650100.978,710022.498,873484.908,66593.571,232878.111,221220.795,156270.097,25711.519,3305.228,441.862,35492.089,11657.316,0,1417222.867,0
2022-11-30,1668391.28,724856.067,876120.536,67414.677,260213.407,248442.792,160513.636,47853.554,3403.812,1176.919,35494.87,11770.616,0,1408177.873,0
2022-12-01,1669615.9,723654.157,879088.122,66873.62,263269.613,251310.851,176420.968,36397.83,2835.404,145.295,35511.354,11958.763,0,1406346.287,0
2022-12-02,1646319.943,723737.037,855636.416,66946.49,249244.636,237149.775,175565.835,22974.719,2782.426,25.716,35801.079,12094.862,0,1397075.307,0
2022-12-03,1495992.6,791841.851,657988.567,46162.182,281983.804,269406.057,174715.094,55735.646,2776.32,122.273,36056.724,12577.747,0,1214008.796,0
2022-12-04,1311753.744,752383.183,516756.607,42613.953,285341.522,272743.007,177421.435,55777.204,2576.594,799.077,36168.697,12598.515,0,1026412.222,0
2022-12-05,1652205.821,728755.08,856208.147,67242.595,254106.477,242101.024,172358.644,29154.945,2562.401,2146.962,35878.072,12005.454,0,1398099.344,0
2022-12-06,1673188.903,732110.149,873836.388,67242.367,275543.426,263565.655,170155.161,50470.628,2701.327,5920.688,34317.85,11977.772,0,1397645.477,0
2022-12-07,1674059.425,733062.541,873527.963,67468.921,277507.31,265525.768,172047.223,53181.572,2615.956,1934.941,35746.076,11981.542,0,1396552.116,0
2022-12-08,1689242.446,746563.292,875736.01,66943.145,295695.7,283727.257,176840.346,70810.866,2553.729,696.087,32826.229,11968.444,0,1393546.746,0
2022-12-09,1683186.842,758539.028,856510.528,68137.286,241154.147,229041.977,174111.745,23653.039,2574.208,1002.937,27700.049,12112.17,0,1442032.695,0
2022-12-10,1442596.202,767731.291,628068.524,46796.387,190391.457,179017.443,157236.441,10036.755,2508.96,3121.302,6113.985,11374.015,0,1252204.745,0
2022-12-11,1288576.274,750326.91,493810.032,44439.332,199529.14,188143.79,153587.684,19484.024,2496.524,6391.574,6183.985,11385.351,0,1089047.133,0
2022-12-12,1661389.469,750968.055,841493.346,68928.068,215941.925,204518.109,157759.58,35709.115,2337.858,3122.923,5588.635,11423.816,0,1445447.545,0
2022-12-13,1718076.47,786062.58,861807.091,70206.8,241484.763,230066.897,154194.06,49819.839,2006.073,5571.107,18475.819,11417.867,0,1476591.707,0
2022-12-14,1702705.715,764918.65,868085.133,69701.932,219477.103,208059.499,164407.776,13256.313,2376.66,5214.387,22804.363,11417.604,0,1483228.613,0
2022-12-15,1665328.703,734525.084,861510.5,69293.119,236961.371,225532.871,174478.364,20672.214,2643.903,669.703,27068.688,11428.501,0,1428367.332,0
2022-12-16,1626096.681,732274.487,825929.649,67892.545,226375.175,214951.778,175999.863,8769.012,2766.654,377.298,27038.95,11423.398,0,1399721.506,0
2022-12-17,1482064.865,821585.879,612816.205,47662.782,261731.343,250355.097,176706.181,42681.495,2768.388,36.775,28162.259,11376.246,0,1220333.523,0
2022-12-18,1344520.578,792814.632,506884.135,44821.812,255238.69,243859.247,173459.551,39671.855,2650.413,6.922,28070.506,11379.443,0,1089281.888,0
2022-12-19,1683392.783,771786.7,843232.243,68373.84,253938.335,242516.058,179304.003,28337.428,2464.486,5616.115,26794.027,11422.277,0,1429454.448,0
2022-12-20,1677539.117,753305.404,856368.062,67865.65,263246.242,251864.334,176092.103,35490.716,2480.361,11050.686,26750.469,11381.908,0,1414292.875,0
2022-12-21,1615125.816,723333.43,823958.692,67833.694,239570.733,228183.478,178420.358,14376.902,2557.038,5946.328,26882.853,11387.255,0,1375555.083,0
2022-12-22,1555277.043,692024.616,797164.196,66088.231,280951.82,269563.34,182301.298,28119.841,2789.524,29856.257,26496.42,11388.481,0,1274325.223,0
2022-12-23,1448772.863,645356.426,739483.908,63932.529,274469.658,263071.159,179513.705,20467.648,2614.986,33393.213,27081.607,11398.499,0,1174303.205,0
2022-12-24,1254000.218,693138.488,518765.414,42096.317,280861.346,269488.153,176747.837,33912.692,2695.721,28437.75,27694.153,11373.193,0,973138.872,0
2022-12-25,1141695.755,660884.277,442479.219,38332.259,287755.961,276381.848,178706.805,60968.57,2827.803,8150.35,25728.32,11374.114,0,853939.794,0
2022-12-26,1194778.052,663283.684,492812.419,38681.95,284548.781,273175.374,175942.593,42721.393,2876.453,24513.477,27121.458,11373.407,0,910229.271,0
2022-12-27,1419047.892,667072.898,692278.979,59696.015,298362.252,286975.645,172694.772,76629.79,2758.845,7595.271,27296.967,11386.607,0,1120685.64,0
2022-12-28,1458961.777,690624.323,708049.421,60288.033,281728.408,270332.479,174470.2,59795.925,2818.625,5563.839,27683.89,11395.929,0,1177233.369,0
2022-12-29,1445058.187,680663.289,704916.585,59478.313,285953.512,274546.758,178260.08,58429.757,2856.686,7604.269,27395.966,11406.755,0,1159104.674,0
2022-12-30,1436933.866,660451.534,717717.324,58765.008,306784.252,295379.746,179899.388,77974.207,2863.791,7937.864,26704.495,11404.507,0,1130149.613,0
2022-12-31,1274463.522,702958.536,530938.085,40566.901,286833.522,275435.022,178475.348,53985.655,2819.241,14939.766,25215.012,11398.501,0,987630.0,0
2023-01-01,1108315.113,629183.273,442287.371,36844.468,315505.607,303233.565,183773.95,83934.22,2996.412,7335.834,25193.15,12272.042,0,792809.505,0
2023-01-02,1427333.176,635770.206,733676.732,57886.237,299870.388,287604.335,180149.937,70606.851,2937.926,7483.153,26426.468,12266.053,0,1127462.788,0
2023-01-03,1455742.13,636710.087,760969.983,58062.06,240890.994,228624.259,181241.555,16174.744,2867.855,1497.88,26842.225,12266.735,0,1214851.136,0
2023-01-04,1472362.17,649040.286,764327.361,58994.523,294916.285,282632.547,181184.259,50121.671,2835.461,20918.048,27573.108,12283.738,0,1177445.885,0
2023-01-05,1448469.023,627937.634,762807.441,57723.947,273223.395,260959.742,174574.769,15864.606,2769.662,40997.39,26753.315,12263.653,0,1175245.628,0
2023-01-06,1183316.4,657371.861,488513.3,37431.238,300836.493,288545.207,168561.584,85387.933,2795.335,4745.196,27055.158,12291.287,0,882479.906,0
2023-01-07,1287582.439,696718.936,550415.436,40448.067,299373.293,287081.108,167335.556,88805.47,2683.488,1342.626,26913.968,12292.185,0,988209.146,0
2023-01-08,1203311.239,689232.506,473994.019,40084.713,259659.928,247385.048,163273.159,50543.8,2629.677,2865.868,28072.544,12274.881,0,943651.31,0
2023-01-09,1547605.45,676431.309,805824.209,65349.931,279761.419,267501.415,165196.284,47021.838,2634.279,26095.966,26553.048,12260.004,0,1267844.031,0
2023-01-10,1592512.735,688026.377,839521.989,64964.369,269056.055,256785.539,165257.511,48279.005,2672.899,13679.135,26896.989,12270.516,0,1323456.68,0
2023-01-11,1582046.254,667827.047,849491.462,64727.745,259887.629,247615.143,163424.333,41802.35,2626.597,13066.41,26695.453,12272.486,0,1322158.626,0
2023-01-12,1571376.234,658299.512,848706.62,64370.102,274008.932,261715.302,162592.788,52227.111,2992.366,17210.841,26692.195,12293.63,0,1297367.303,0
2023-01-13,1532533.396,644176.65,825006.166,63350.581,278162.811,265868.187,164157.921,44340.131,2844.438,27589.94,26935.757,12294.625,0,1254370.585,0
2023-01-14,1366267.486,710475.221,613110.28,42681.984,295024.866,282742.253,163208.992,75216.151,2850.751,13492.504,27973.856,12282.613,0,1071242.62,0
2023-01-15,1194997.105,667826.537,486293.945,40876.623,245823.878,233566.265,162108.204,21237.366,2823.734,19798.017,27598.943,12257.613,0,949173.227,0
2023-01-16,1569574.661,667850.569,837839.154,63884.938,317210.159,304939.564,168170.857,94151.337,2760.342,12805.304,27051.723,12270.596,0,1252364.502,0
2023-01-17,1608151.453,688925.612,854697.169,64528.672,288376.667,276108.125,164184.245,73045.519,2681.125,9154.672,27042.564,12268.542,0,1319774.786,0
2023-01-18,1652159.859,710656.903,875644.175,65858.781,299328.374,287006.678,158260.855,88815.802,2619.68,10583.906,26726.435,12321.696,0,1352831.485,0
2023-01-19,1688854.365,722202.625,899324.079,67327.66,256961.391,244660.664,155907.516,60634.7,2554.865,2461.271,23102.312,12300.728,0,1431892.973,0
2023-01-20,1650367.568,728153.639,856298.473,65915.456,256392.444,244088.055,156648.91,55863.081,2483.125,1983.041,27109.898,12304.389,0,1393975.124,0
2023-01-21,1492668.439,793130.328,653111.691,46426.42,223594.527,211323.537,160145.367,17126.079,2515.557,3649.707,27886.827,12270.99,0,1269073.912,0
2023-01-22,1311899.685,751117.263,517605.238,43177.183,232224.757,219949.074,159615.571,29684.264,2548.722,115.295,27985.223,12275.683,0,1079674.927,0
2023-01-23,1686171.387,741233.173,877124.009,67814.205,220122.013,207855.5,159501.291,14963.854,2403.514,4105.353,26881.489,12266.513,0,1466049.373,0
2023-01-24,1686411.178,729542.894,889869.599,66998.686,225503.085,213239.479,158558.093,24948.435,2518.849,34.383,27179.719,12263.606,0,1460908.094,0
2023-01-25,1688133.2,718426.316,902472.865,67234.019,234805.509,222535.441,162335.655,30417.085,2605.259,69.471,27107.971,12270.069,0,1453327.691,0
2023-01-26,1687833.978,729055.515,890798.073,67980.39,224556.66,212281.917,162630.375,21065.571,2626.258,1.747,25957.966,12274.744,0,1463277.317,0
2023-01-27,1662907.119,726095.6,870286.273,66525.247,222544.929,210236.788,164806.074,17123.323,2583.0,6.219,25718.172,12308.141,0,1440362.19,0
2023-01-28,1477357.183,781196.34,649599.751,46561.092,230601.464,218334.159,162328.354,25208.384,2603.366,3.802,28190.253,12267.305,0,1246755.72,0
2023-01-29,1291257.548,737607.245,510637.856,43012.447,267169.039,254909.687,166348.474,55477.465,2569.774,2231.041,28282.933,12259.353,0,1024088.509,0
2023-01-30,1654561.334,716476.938,870890.005,67194.391,273199.473,260940.034,163330.649,37173.876,2521.008,30719.844,27194.657,12259.439,0,1381361.862,0
2023-01-31,1652496.973,707066.981,879376.434,66053.559,307917.902,295645.87,163836.074,74095.385,2328.838,28094.475,27291.099,12272.032,0,1344579.071,0
2023-02-01,1607504.115,682316.416,860552.76,64634.939,299171.842,286536.311,167387.457,47220.2,3077.024,41673.294,27178.336,12635.531,0,1308332.273,0
2023-02-02,1598378.746,669386.258,862672.892,66319.596,267154.54,254521.181,164685.908,21924.679,3132.03,38197.998,26580.566,12633.359,0,1331224.206,0
2023-02-03,1561210.876,656745.357,840733.418,63732.101,290589.507,277950.388,162689.319,32779.313,3322.95,52268.102,26890.703,12639.12,0,1270621.369,0
2023-02-04,1392335.196,719632.268,629525.212,43177.716,274028.777,261389.231,160573.366,51130.554,3331.202,18296.993,28057.115,12639.547,0,1118306.419,0
2023-02-05,1256156.546,707857.752,507992.496,40306.297,287403.509,274735.887,162312.087,80195.839,3232.718,505.088,28490.155,12667.622,0,968753.037,0
2023-02-06,1627291.956,706493.666,855161.115,65637.176,304680.065,291981.892,160026.0,99971.019,3089.328,1671.346,27224.198,12698.174,0,1322611.891,0
2023-02-07,1662143.381,727033.108,870229.548,64880.725,373519.199,360834.583,163151.882,159732.306,3017.359,7566.507,27366.529,12684.617,0,1288624.182,0
2023-02-08,1679903.925,736369.184,877897.852,65636.889,370763.306,358081.631,162085.288,154988.414,2899.152,11102.59,27006.187,12681.675,0,1309140.619,0
2023-02-09,1692136.679,735818.667,891279.868,65038.145,389126.008,376444.647,163003.086,181478.37,2913.631,1467.317,27582.242,12681.362,0,1303010.671,0
2023-02-10,1663520.028,732368.915,866556.054,64595.059,390627.177,377985.427,155834.722,186901.018,2862.05,4729.876,27657.761,12641.75,0,1272892.851,0
2023-02-11,1476068.014,768794.558,662630.417,44643.039,306519.792,293853.089,160196.742,97723.251,2857.622,5334.128,27741.345,12666.704,0,1169548.221,0
2023-02-12,1253909.745,703167.073,510257.349,40485.323,313198.523,300509.278,161861.77,104928.689,2855.658,2486.034,28377.126,12689.246,0,940711.222,0
2023-02-13,1598804.329,681295.192,851886.774,65622.363,300130.229,287506.263,160530.834,96791.41,2771.571,178.575,27233.873,12623.966,0,1298674.101,0
2023-02-14,1616299.158,690773.294,861567.19,63958.673,349964.95,337330.207,163688.833,143245.566,2802.798,29.271,27563.738,12634.744,0,1266334.207,0
2023-02-15,1614803.661,688917.983,861740.246,64145.432,369045.07,356379.316,157595.619,168090.555,2829.003,187.954,27676.186,12665.754,0,1245758.591,0
2023-02-16,1603310.907,687572.653,851905.552,63832.703,379139.835,366487.217,155620.307,172793.334,2831.295,7703.303,27538.978,12652.618,0,1224171.072,0
2023-02-17,1532973.574,643291.271,827968.739,61713.564,308273.996,295605.967,160430.691,65560.183,2820.245,39266.231,27528.616,12668.03,0,1224699.578,0
2023-02-18,1311120.917,654811.845,616456.681,39852.391,403061.203,390379.472,161744.131,155895.638,2854.528,41869.677,28015.497,12681.732,0,908059.713,0
2023-02-19,1125134.242,603787.16,483672.874,37674.208,316928.247,304300.387,159826.262,75392.175,2923.41,37893.205,28265.334,12627.86,0,808205.995,0
2023-02-20,1460468.336,601052.489,802278.838,57137.009,401288.315,388657.716,160880.584,179299.044,2816.853,17485.94,28175.294,12630.6,0,1059180.02,0
2023-02-21,1479605.872,609255.564,813175.692,57174.616,404000.975,391342.609,164388.328,192635.324,2785.714,7013.004,24520.238,12658.366,0,1075604.897,0
2023-02-22,1501864.904,620045.569,822668.597,59150.738,407303.899,394656.553,161919.067,204601.898,2691.952,5464.894,19978.741,12647.347,0,1094561.005,0
2023-02-23,1506649.57,617699.538,829946.124,59003.909,270306.013,257665.881,163020.811,69002.416,2686.55,3292.341,19663.763,12640.132,0,1236343.557,0
2023-02-24,1480722.9,614715.735,806370.825,59636.341,299596.611,286942.425,156825.519,95195.07,2731.5,12441.082,19749.253,12654.187,0,1181126.289,0
2023-02-25,1374914.884,697519.504,634254.121,43141.259,279163.745,266533.3,161740.588,67554.904,3343.647,13295.789,20598.37,12630.446,0,1095751.138,0
2023-02-26,1226763.722,687307.128,498545.272,40911.321,243826.131,231204.921,161361.637,36157.78,3379.696,9668.414,20637.394,12621.211,0,982937.59,0
2023-02-27,1608243.893,686418.281,855902.903,65922.709,272365.597,259741.984,159700.537,53471.118,3379.82,24053.996,19136.513,12623.614,0,1335878.296,0
2023-02-28,1645429.295,696847.579,882309.05,66272.666,314812.83,302187.724,163118.98,109967.404,3237.376,6818.087,19045.876,12625.107,0,1330616.464,0
2023-03-01,1592934.323,671745.968,857706.023,63482.332,360483.112,348646.634,162331.573,154885.541,2992.309,5625.311,22811.9,11836.477,0,1232451.211,0
2023-03-02,1564185.113,660022.682,841615.94,62546.492,461338.982,449487.465,163936.012,249017.925,2957.113,6179.595,27396.82,11851.517,0,1102846.131,0
2023-03-03,1562886.97,648843.195,851974.135,62069.64,387400.957,375560.45,165896.652,175605.213,2936.192,3487.43,27634.963,11840.507,0,1175486.013,0
2023-03-04,1367171.114,709092.888,616262.92,41815.306,500850.916,489021.513,166865.745,284055.09,2931.01,6379.806,28789.861,11829.403,0,866320.198,0
2023-03-05,1214093.93,669073.134,505270.25,39750.546,298510.649,286681.201,162539.699,89585.322,2879.909,2767.262,28909.008,11829.448,0,915583.28,0
2023-03-06,1571546.554,657485.352,849503.484,64557.719,272219.979,260384.873,160299.037,66493.84,2740.71,3406.988,27444.299,11835.106,0,1299326.575,0
2023-03-07,1535276.603,645884.386,827903.293,61488.924,446135.527,434278.185,159855.881,235204.424,2702.676,8897.611,27617.592,11857.342,0,1089141.076,0
2023-03-08,1560763.205,633831.845,863030.302,63901.057,323055.768,311215.296,160526.239,102559.719,2682.428,18139.047,27307.862,11840.472,0,1237707.437,0
2023-03-09,1515002.981,590313.815,863928.05,60761.116,456091.428,438364.122,160934.257,208220.749,2973.336,39091.15,27144.629,17727.306,0,1058911.553,0
2023-03-10,1470854.707,587716.461,822819.143,60319.104,386584.912,374711.29,163168.737,149476.259,2901.583,31929.017,27235.694,11873.621,0,1084269.796,0
2023-03-11,1348289.999,666697.359,640690.769,40901.87,461706.165,449822.362,160221.896,239270.14,2832.819,18290.918,29206.589,11883.803,0,886583.833,0
2023-03-12,1173542.537,637253.7,498198.635,38090.202,296134.485,284273.725,164654.345,81386.342,2806.202,7067.879,28358.956,11860.76,0,877408.052,0
2023-03-13,1468581.535,592063.998,815475.648,61041.889,427480.026,415628.637,162492.769,215958.888,2775.121,6927.23,27474.629,11851.389,0,1041101.508,0
2023-03-14,1492466.295,584477.006,845751.021,62238.268,328991.2,315275.54,163647.375,96003.637,2764.058,25858.281,27002.188,13715.66,0,1163475.095,0
2023-03-15,1513025.968,603078.096,847535.903,62411.969,454410.885,442396.133,167247.479,229931.182,2838.026,14506.894,27872.551,12014.752,0,1058615.083,0
2023-03-16,1515926.422,622787.122,831924.839,61214.461,482604.206,470744.275,167885.401,268509.155,2917.291,3901.062,27531.366,11859.931,0,1033322.216,0
2023-03-17,1461757.026,608636.073,793486.714,59634.239,496838.032,484979.736,163983.524,280463.247,2800.596,10169.762,27562.607,11858.296,0,964918.994,0
2023-03-18,1309444.06,646087.055,623951.335,39405.671,518041.972,506194.618,164391.368,303503.735,2789.096,7479.534,28030.884,11847.354,0,791402.088,0
2023-03-19,1141964.305,597990.183,506857.753,37116.37,414713.365,402868.231,163768.848,203056.139,2735.595,5361.603,27946.046,11845.134,0,727250.94,0
2023-03-20,1451880.596,575290.86,815607.179,60982.557,409360.751,397479.499,164286.316,198892.318,2706.116,4454.771,27139.978,11881.252,0,1042519.844,0
2023-03-21,1438705.665,586439.088,796015.859,56250.718,427127.143,415264.066,162077.016,222197.138,2627.926,1225.409,27136.577,11863.076,0,1011578.522,0
2023-03-22,1443654.227,574901.79,813256.919,55495.518,519908.512,507987.435,164484.73,310905.905,2640.809,2548.828,27407.163,11921.077,0,923745.714,0
2023-03-23,1429983.227,562744.649,810378.102,56860.476,388680.022,372431.275,164958.918,173946.49,2650.746,4118.038,26757.082,16248.747,0,1041303.205,0
2023-03-24,1396445.226,548666.862,791088.984,56689.38,357528.514,339105.083,164837.963,128044.81,2644.232,16408.53,27169.547,18423.431,0,1038916.712,0
2023-03-25,1234431.3,601686.62,593784.098,38960.583,529130.245,517132.712,166551.629,272892.209,2717.983,47066.087,27904.804,11997.533,0,705301.055,0
2023-03-26,1068081.479,563291.012,471064.604,33725.863,333603.201,322249.688,157234.818,113932.883,2603.859,21936.708,26541.419,11353.513,0,734478.278,0
2023-03-27,1485892.116,608186.457,818616.929,59088.731,408808.728,394324.044,163924.702,173629.832,2749.423,26941.181,27078.906,14484.684,0,1077083.388,0
2023-03-28,1519292.223,626618.822,835635.925,57037.476,525685.676,513812.768,164381.124,301407.779,2728.076,17790.02,27505.768,11872.908,0,993606.547,0
2023-03-29,1500386.643,613601.531,828349.17,58435.942,331563.216,314505.42,162343.522,107055.196,2622.518,15319.627,27164.556,17057.796,0,1168823.427,0
2023-03-30,1469580.036,570349.393,841478.689,57751.954,315679.878,301271.22,162417.636,85788.585,2828.642,23601.139,26635.217,14408.658,0,1153900.159,0
2023-03-31,1417814.403,557920.592,803908.775,55985.036,388620.049,376766.469,161760.707,160116.42,3010.113,25173.862,26705.367,11853.58,0,1029194.354,0
2023-04-01,1251230.607,609677.774,604120.144,37432.689,439206.472,430456.225,162114.715,195054.701,3525.418,43912.653,25848.737,8750.248,0,812024.135,0
2023-04-02,1081838.054,576652.402,470520.412,34665.24,361594.243,352877.25,155770.73,153491.287,3350.676,14280.222,25984.336,8716.994,0,720243.811,0
2023-04-03,1468111.001,606602.572,807364.784,54143.646,413768.385,405058.568,163636.282,206948.602,3293.911,5043.24,26136.533,8709.818,0,1054342.616,0
2023-04-04,1482018.251,625924.601,801956.903,54136.747,546358.595,537644.925,163147.64,339034.263,3257.04,7218.327,24987.655,8713.67,0,935659.656,0
2023-04-05,1494604.891,644758.489,795750.978,54095.424,617940.041,609225.035,160546.633,418621.023,3140.341,1577.782,25339.256,8715.006,0,876664.85,0
2023-04-06,1455762.638,631477.655,770571.232,53713.752,608026.507,599313.132,160868.305,410985.75,3103.583,676.31,23679.185,8713.375,0,847736.131,0
2023-04-07,1132526.616,621464.55,476278.59,34783.476,463855.541,455146.678,162426.902,259646.179,3176.609,2402.822,27494.166,8708.864,5273.036,673944.111,7
2023-04-08,1229005.801,648229.817,542318.313,38457.672,290525.496,281827.605,161128.531,83683.514,3037.404,6909.193,27068.963,8697.891,0,938480.306,0
2023-04-09,1046920.846,592944.165,420662.089,33314.591,414899.561,406202.338,163137.22,212761.056,3169.587,469.093,26665.381,8697.224,524.047,632545.332,2
2023-04-10,1075515.968,580565.576,461042.101,33908.29,614998.584,606301.119,160761.524,411398.702,3123.968,4444.419,26572.506,8697.466,38014.267,498531.65,19
2023-04-11,1385767.834,571072.141,762185.97,52509.723,390737.585,382007.801,162359.395,167472.344,3115.087,22890.645,26170.329,8729.785,0,995030.248,0
2023-04-12,1417865.15,560299.744,804506.452,53058.954,413652.869,404917.193,161914.637,209330.672,3149.057,5342.719,25180.108,8735.677,0,1004212.281,0
2023-04-13,1428223.866,569040.562,807146.439,52036.866,417208.307,408474.823,158653.761,209110.82,3708.439,10830.968,26170.835,8733.485,0,1011015.559,0
2023-04-14,1418779.541,565697.194,800004.179,53078.168,339769.209,331060.195,155772.365,136510.764,3777.835,8652.454,26346.777,8709.014,0,1079010.332,0
2023-04-15,1265506.583,615486.554,611118.953,38901.077,325282.305,316569.753,163695.846,110124.808,3678.162,12542.588,26528.35,8712.552,0,940224.278,0
2023-04-16,1061254.359,573507.348,453551.185,34195.826,356856.407,348137.67,158466.697,152961.466,3853.553,6387.436,26468.517,8718.738,0,704397.951,0
2023-04-17,1477854.263,564042.496,856901.901,56909.866,382722.012,374000.938,160209.522,181521.259,3764.484,2581.942,25923.731,8721.075,0,1095132.251,0
2023-04-18,1448211.1,551847.517,839588.384,56775.199,318779.925,310063.556,163208.222,112329.141,3589.416,4841.203,26095.575,8716.369,0,1129431.175,0
2023-04-19,1477475.057,550005.341,869668.478,57801.238,317678.257,303442.703,165572.823,104710.085,3536.624,3575.308,26047.863,14235.554,0,1159796.801,0
2023-04-20,1480442.077,558576.646,863746.253,58119.178,374191.182,357271.244,163321.833,158275.122,3725.484,5872.761,26076.044,16919.938,0,1106250.895,0
2023-04-21,1368158.25,534624.116,780139.611,53394.523,615485.255,600686.717,164386.842,408584.647,3773.262,3619.566,20322.401,14798.538,2374.348,755047.343,4
2023-04-22,1179097.18,553088.997,588639.227,37368.956,686187.535,669865.275,159312.768,492358.179,3526.356,1514.373,13153.6,16322.26,44116.934,537026.578,22
2023-04-23,976472.936,492141.34,450089.28,34242.315,411262.418,402549.926,157303.691,225132.515,3417.495,3810.198,12886.028,8712.492,16941.588,582152.105,9
2023-04-24,1366400.686,501505.627,809314.73,55580.329,442162.397,432800.064,157171.545,238233.208,3754.028,21069.41,12571.874,9362.333,0,924238.29,0
2023-04-25,1404464.12,530854.966,817426.954,56182.2,505043.459,490586.426,155789.685,303890.004,3655.019,14724.754,12526.964,14457.034,0,899420.661,0
2023-04-26,1401231.282,538340.863,807627.4,55263.019,461952.452,441690.084,159728.414,264010.426,3570.168,1894.757,12486.32,20262.368,0,939278.83,0
2023-04-27,1383454.988,537358.144,791849.952,54246.892,591510.063,576159.343,159438.471,394651.69,3450.101,570.056,18049.025,15350.72,0,791944.925,0
2023-04-28,1399024.416,523577.447,819468.411,55978.558,296176.012,283816.953,163276.998,82487.654,3463.082,8478.786,26110.433,12359.059,0,1102848.404,0
2023-04-29,1135166.159,538701.625,559418.563,37045.972,657060.196,648363.032,165725.065,439673.998,3357.042,12287.414,27319.513,8697.164,40242.697,518348.66,17
2023-04-30,944100.588,486450.611,424684.396,32965.581,555110.708,546413.384,163027.507,343621.187,3747.613,9105.175,26911.903,8697.324,40880.245,429870.124,21
2023-05-01,979858.987,495866.433,451175.075,32817.479,407077.153,400295.282,157862.204,208193.99,3386.607,5198.064,25654.416,6781.871,0,572781.834,0
2023-05-02,1352328.141,497628.397,800874.444,53825.3,438781.487,431987.554,161025.674,240629.43,3368.15,3157.028,23807.272,6793.933,0,913546.654,0
2023-05-03,1372604.645,507226.175,810753.586,54624.884,508333.275,496697.891,158566.579,313594.107,3286.331,3220.989,18029.885,11635.384,0,864271.37,0
2023-05-04,1349936.688,494750.653,802817.428,52368.607,726070.848,719241.862,156553.586,543070.037,3080.222,5550.461,10987.557,6828.986,25436.805,649302.645,19
2023-05-05,1351254.422,479791.045,819275.788,52187.59,651918.784,636651.068,158158.177,460582.675,2954.618,4487.625,10467.973,15267.716,1473.817,700809.455,5
2023-05-06,1138687.392,495128.144,607880.349,35678.9,499025.176,485261.954,153851.49,317139.047,3229.659,1995.319,9046.439,13763.222,3899.891,643562.108,5
2023-05-07,984292.084,456660.789,495621.688,32009.607,681809.317,670609.925,159135.156,496484.854,3081.979,3631.705,8276.231,11199.392,104665.685,407148.452,31
2023-05-08,1291473.768,456743.472,781455.059,53275.237,423098.614,413509.446,156140.34,244914.1,2967.538,1226.006,8261.463,9589.168,0,868375.154,0
2023-05-09,1318395.166,467905.535,798747.886,51741.745,785005.73,777733.441,153875.268,607600.618,2877.438,4299.257,9080.86,7272.289,59170.544,592559.979,24
2023-05-10,1355301.745,466537.231,834200.57,54563.945,303440.232,296657.923,152926.299,117668.96,3041.663,11277.31,11743.691,6782.309,0,1051861.513,0
2023-05-11,1365000.436,483728.574,825480.922,55790.94,275182.986,268401.136,154626.085,96957.499,3110.854,3589.889,10116.809,6781.85,0,1089817.45,0
2023-05-12,1332972.084,481805.579,798266.704,52899.802,409659.747,402877.901,159213.751,225581.271,3103.905,3138.419,11840.554,6781.846,0,923312.338,0
2023-05-13,1159351.354,516134.018,606598.517,36618.819,380375.941,363696.456,157536.092,188494.19,3279.767,2260.953,12125.454,16679.485,0,778975.413,0
2023-05-14,991901.061,470339.668,488628.381,32933.011,429516.873,415865.378,154232.75,244552.306,3264.743,1508.628,12306.951,13651.495,28958.784,591342.972,9
2023-05-15,1354415.461,485736.369,817996.696,50682.396,486651.312,470637.455,158181.04,292413.184,3174.083,5117.994,11751.154,16013.858,0,867764.149,0
2023-05-16,1369244.218,495149.755,820740.996,53353.466,332546.217,317526.399,155867.727,140836.51,3236.269,5910.175,11675.717,15019.818,0,1036698.001,0
2023-05-17,1358311.541,502453.721,804181.201,51676.619,514752.086,501100.757,160330.592,321883.335,3004.14,4058.582,11824.109,13651.33,0,843559.455,0
2023-05-18,1048018.269,496296.131,518616.948,33105.19,541537.462,527297.079,157957.157,343063.599,3301.818,11501.27,11473.235,14240.383,22358.361,528839.168,12
2023-05-19,1268700.688,486030.358,733500.5,49169.829,495040.102,481809.5,154850.218,310766.5,3372.747,3904.634,8915.402,13230.602,0,773660.585,0
2023-05-20,1090506.231,488029.75,568264.645,34211.835,680429.765,671719.984,153682.388,493115.376,3408.947,9250.997,12262.277,8709.781,60295.755,470372.221,22
2023-05-21,926773.322,428354.498,466976.821,31442.004,720477.63,713696.019,148088.479,537946.93,3429.587,12382.912,11848.112,6781.611,135562.4,341858.092,29
2023-05-22,1260539.491,435206.443,775967.305,49365.742,747800.015,741018.488,147147.945,577013.39,3283.975,1874.574,11698.604,6781.528,57498.825,570238.3,23
2023-05-23,1275516.792,435177.709,790428.957,49910.125,517921.772,511122.183,147729.296,339354.652,3250.641,9998.125,10789.469,6799.589,0,757595.02,0
2023-05-24,1325400.76,444191.012,830357.656,50852.091,349219.788,342438.331,145694.632,180802.068,3275.222,1652.658,11013.751,6781.458,0,976180.971,0
2023-05-25,1338065.819,442070.19,845049.308,50946.321,517231.143,503329.659,151823.141,337194.421,3167.476,2799.498,8345.122,13901.485,0,820834.676,0
2023-05-26,1270663.891,429691.318,792392.13,48580.443,709333.049,695667.553,156314.175,526036.924,3100.52,2497.416,7718.518,13665.496,19767.095,581097.938,13
2023-05-27,1063541.77,447193.462,581937.062,34411.246,816749.818,809968.521,150534.029,637155.887,2984.756,11623.006,7670.843,6781.297,151173.448,397965.4,31
2023-05-28,907585.782,416399.005,460281.457,30905.321,810105.392,803324.08,153251.752,633203.514,2895.411,5249.782,8723.621,6781.312,221567.516,319047.906,41
2023-05-29,974502.762,416800.715,526678.554,31023.494,824673.795,808236.54,151158.673,643250.854,2869.204,1899.088,9058.721,16437.255,193605.158,343434.125,39
2023-05-30,1258540.689,425289.132,785807.193,47444.364,652466.561,636028.446,152822.285,464878.985,2765.424,7006.441,8555.311,16438.115,20010.883,626085.011,14
2023-05-31,1262853.038,425542.079,790697.375,46613.583,829659.307,814442.253,151556.911,637791.118,2732.93,13872.574,8488.72,15217.054,63782.967,496976.698,26
2023-06-01,1250722.57,424998.54,779509.045,46214.984,765339.734,753649.435,152295.861,589730.947,2741.77,2316.972,6563.885,11690.299,40641.549,526024.384,21
2023-06-02,1228336.439,419414.023,762528.017,46394.398,806304.521,791557.534,158686.746,618687.834,2733.21,4125.71,7324.034,14746.986,63212.052,485243.971,26
2023-06-03,1056118.004,438152.337,583972.032,33993.635,807776.163,794613.525,155989.891,623836.943,2700.433,9058.025,3028.233,13162.638,149056.482,397398.323,31
2023-06-04,906967.386,412440.648,463131.966,31394.772,763055.094,751788.693,152348.975,590115.292,2650.005,4289.14,2385.281,11266.4,183988.692,327900.984,39
2023-06-05,1246613.683,419016.854,781085.068,46511.76,517776.613,507825.332,147620.181,352872.347,2599.522,2409.792,2323.49,9951.28,0,728837.07,0
2023-06-06,1254456.614,418141.086,790152.655,46162.873,498573.882,493669.695,147854.968,338645.992,2639.021,2218.869,2310.845,4904.187,958.353,756841.084,1
2023-06-07,1224324.748,415574.52,760997.504,47752.723,718681.205,709609.187,150877.099,551144.607,2587.478,344.587,4655.415,9072.018,19611.986,525255.529,18
2023-06-08,991912.586,409483.529,551149.554,31279.503,651341.275,636820.904,152150.559,471819.173,2662.18,3550.293,6638.7,14520.371,78213.776,418785.086,22
2023-06-09,1190302.744,408902.158,736293.072,45107.513,712133.528,698464.218,151621.502,535220.567,2578.108,1725.331,7318.71,13669.31,21777.326,499946.541,18
2023-06-10,1037084.094,429566.057,573462.501,34055.536,606531.839,593331.252,148856.372,428647.506,2499.827,6155.806,7171.74,13200.587,26566.056,457118.311,14
2023-06-11,889150.668,405374.072,451328.861,32447.735,727869.513,722973.311,147826.535,555405.566,2525.045,10133.98,7082.185,4896.201,159925.819,321206.974,38
2023-06-12,1229357.944,411282.684,767556.373,50518.887,774824.211,764997.026,145815.039,595000.643,2509.241,15047.073,6625.03,9827.185,42799.015,497332.748,23
2023-06-13,1247420.933,410630.98,786888.286,49901.667,810660.674,802425.246,151168.278,628577.304,2482.514,13092.555,7104.595,8235.427,58049.289,494809.548,24
2023-06-14,1262509.52,409766.484,801803.115,50939.921,742943.194,729332.81,148952.634,565660.482,2508.047,5080.592,7131.055,13610.383,20028.667,539594.993,15
2023-06-15,1251306.555,408385.768,791503.134,51417.653,581102.228,567593.01,154909.164,400903.689,2488.229,2183.993,7107.935,13509.218,0,670204.326,0
2023-06-16,1250334.799,403995.58,795806.494,50532.724,571682.389,563125.267,148159.987,403118.865,2393.275,1738.315,7714.825,8557.122,111.766,678764.175,1
2023-06-17,1042165.435,422907.385,583354.127,35903.923,707710.202,698827.168,150377.42,536156.053,2487.849,2750.866,7054.98,8883.033,66394.886,400850.119,28
2023-06-18,894843.996,398876.713,462321.431,33645.853,721016.45,711372.639,146546.784,555041.22,2432.084,1899.478,5453.073,9643.811,159891.666,333719.212,38
2023-06-19,1237717.459,408005.044,778616.634,51095.781,627599.765,617227.832,143842.762,463156.077,2410.01,3220.648,4598.335,10371.933,16814.913,626932.607,10
2023-06-20,1257911.01,409517.291,796920.593,51473.125,638046.313,628291.769,143286.475,471186.644,2353.678,6256.376,5208.595,9754.544,11595.538,631460.234,13
2023-06-21,1249204.591,409902.194,787938.072,51364.324,600783.397,591059.97,143748.481,436315.104,2353.393,1849.602,6793.39,9723.427,0,648421.194,0
2023-06-22,1266428.579,408308.606,807733.961,50386.012,626860.533,619850.056,142511.173,459174.604,2400.388,10027.746,5736.145,7010.477,0,639568.046,0
2023-06-23,1239313.875,402104.824,787655.938,49553.113,417368.296,411343.875,139717.156,237527.583,2535.981,25677.035,5886.12,6024.421,1297.359,823242.938,1
2023-06-24,1035778.643,419523.645,582717.431,33537.567,601345.742,596355.658,139788.81,446583.592,2463.588,690.593,6829.075,4990.083,60869.074,495301.976,23
2023-06-25,897757.169,394772.456,470616.044,32368.669,735882.676,730922.657,141504.764,578390.082,2474.415,2556.676,5996.72,4960.019,171871.339,333745.832,37
2023-06-26,1264688.775,402701.751,810501.079,51485.945,664218.254,659265.098,145609.415,495537.252,2381.877,7995.023,7741.53,4953.156,3074.119,603544.64,9
2023-06-27,1254027.591,401858.147,802172.284,49997.159,502507.798,497538.695,144845.951,340058.61,2377.45,4479.284,5777.4,4969.102,0,751519.793,0
2023-06-28,1257259.872,400047.643,806908.827,50303.402,566099.879,561184.496,145228.706,405649.138,2350.815,1156.907,6798.93,4915.382,607.822,691767.815,1
2023-06-29,1255465.176,399864.806,805107.251,50493.118,722811.742,710013.793,147424.515,552867.554,2339.102,779.929,6602.692,12797.949,29683.737,562337.171,21
2023-06-30,1258488.234,396384.534,811136.107,50967.593,317831.657,305057.823,136768.78,157887.718,2376.881,1737.141,6287.303,12773.833,0,940656.577,0
2023-07-01,1038857.99,413768.847,590866.352,34222.791,430264.237,418300.588,138847.428,264191.962,2439.132,5901.907,6920.159,11963.648,2760.118,611353.871,3
2023-07-02,875379.248,389346.744,454015.082,32017.422,450664.57,441478.653,140487.297,278686.265,2220.248,13331.356,6753.487,9185.917,42467.012,467181.69,19
2023-07-03,1261073.113,397000.854,813726.216,50346.043,465234.894,452146.71,141154.845,297303.673,2074.081,6278.902,5335.209,13088.183,0,795838.22,0
2023-07-04,1268034.978,397940.816,820149.74,49944.422,586690.678,574039.284,140436.607,420774.294,2046.834,4319.515,6462.033,12651.393,0,681344.301,0
2023-07-05,1273748.104,397175.0,825873.217,50699.886,489638.598,478879.477,142391.226,320645.361,2018.679,6853.7,6970.511,10759.121,0,784109.505,0
2023-07-06,1255787.857,397992.384,807857.925,49937.547,595233.272,580608.07,137560.391,433583.003,2048.849,959.429,6456.398,14625.202,858.143,661412.728,5
2023-07-07,1219121.224,394026.235,774128.171,50966.817,738627.012,725347.045,137495.94,577281.312,2009.182,2272.98,6287.631,13279.966,38072.407,518566.619,21
2023-07-08,1115535.567,412396.15,665597.322,37542.094,631854.967,618682.752,136231.958,473021.975,1991.532,796.231,6641.056,13172.214,52854.727,536535.327,18
2023-07-09,937634.684,388971.358,514385.679,34277.647,723080.434,711836.197,133631.539,569321.738,2013.087,834.507,6035.325,11244.237,145082.473,359636.723,35
2023-07-10,1261524.05,397566.572,810589.685,53367.793,559554.161,544361.032,140183.234,392780.205,1974.481,3128.942,6294.17,15193.128,1615.254,703585.142,3
2023-07-11,1295341.99,399851.571,843176.392,52314.027,714307.26,700609.808,136104.234,555257.843,1974.677,969.61,6303.443,13697.452,10301.631,591336.361,12
2023-07-12,1291016.974,398674.867,840101.945,52240.161,433247.558,421276.768,130611.563,274385.638,1961.343,8107.252,6210.971,11970.79,1914.726,859684.142,4
2023-07-13,1306640.177,396616.493,858812.057,51211.627,428489.956,415268.804,135559.561,267256.956,2029.918,4221.546,6200.823,13221.152,836.569,878986.789,2
2023-07-14,1265545.844,392092.239,823721.013,49732.592,670389.309,656791.585,141007.634,506116.59,1960.061,1434.112,6273.188,13597.723,3507.619,598664.154,4
2023-07-15,1089329.892,411566.346,640423.138,37340.407,716264.942,703474.673,131788.955,561572.959,1955.956,1729.587,6427.215,12790.269,90046.334,463111.283,30
2023-07-16,941713.254,385583.177,521705.112,34424.965,494342.59,481434.551,140691.226,329044.277,2048.146,4321.637,5329.265,12908.038,36216.511,483587.175,15
2023-07-17,1273848.134,395191.455,828935.319,49721.359,585911.018,573153.382,141623.688,420515.513,2282.504,1879.018,6852.659,12757.635,395.447,688332.564,1
2023-07-18,1284997.666,395457.505,840642.047,48898.114,611018.106,603130.126,139214.063,454166.127,2034.514,1572.991,6142.43,7887.98,4460.742,678440.302,6
2023-07-19,1334140.373,395260.947,889483.567,49395.859,619848.468,613833.449,141611.543,457049.889,2110.139,6846.86,6215.017,6015.019,0,714291.905,0
2023-07-20,1282967.743,396613.028,836344.028,50010.687,555412.211,550665.04,144636.938,393313.257,2010.836,4379.786,6324.222,4747.171,517.721,728073.253,1
2023-07-21,1273178.792,392449.374,832023.181,48706.237,462696.831,456233.508,142595.695,298385.573,1966.516,6827.479,6458.244,6463.323,861.701,811343.661,1
2023-07-22,1081099.014,408862.937,638303.579,33932.498,688747.61,676634.606,143421.962,520137.338,1980.335,4021.927,7073.043,12113.004,79621.564,471972.968,23
2023-07-23,971766.1,386697.603,553621.841,31446.657,659604.258,646897.277,141490.014,492942.415,1992.984,3791.168,6680.696,12706.98,93614.221,405776.063,28
2023-07-24,1302729.037,394914.953,858176.6,49637.483,462068.172,449891.462,136330.4,297377.69,1940.438,8331.893,5911.041,12176.709,0,840660.865,0
2023-07-25,1290858.029,394531.656,846894.798,49431.574,376223.028,364295.715,130769.732,211865.153,2081.811,12827.199,6751.82,11927.313,0,914635.0,0
2023-07-26,1252412.847,394791.097,808067.845,49553.905,416864.654,403665.363,135726.97,243040.58,2064.37,15273.593,7559.849,13199.291,0,835548.193,0
2023-07-27,1246389.894,403543.81,794013.804,48832.28,421770.631,408732.411,136269.367,258570.78,1974.23,4309.302,7608.732,13038.22,0,824619.262,0
2023-07-28,1213375.955,391470.45,775252.911,46652.594,484479.156,471074.819,131995.718,318130.73,2029.987,12322.343,6596.041,13404.336,0,728896.799,0
2023-07-29,1041822.338,409232.152,599423.823,33166.363,473849.224,461270.812,130517.968,311734.568,2117.796,10219.51,6680.969,12578.411,8802.234,576775.349,4
2023-07-30,964103.945,386594.749,547769.476,29739.721,590430.607,579687.312,132835.396,422949.463,2118.278,15702.654,6081.52,10743.295,29428.719,403102.058,18
2023-07-31,1240040.247,393337.152,800677.751,46025.344,592390.473,578407.623,132879.555,432922.494,2025.304,4618.237,5962.033,13982.849,6139.349,653789.123,7
2023-08-01,1297748.084,395499.596,856003.834,46244.654,328386.526,315681.282,132921.672,153462.551,1725.682,20295.326,7276.052,12705.244,0,969361.557,0
2023-08-02,1249472.354,396146.188,806613.992,46712.174,510105.599,493926.41,137287.871,341597.273,1720.276,6479.349,6841.641,16179.189,12871.629,752238.384,5
2023-08-03,1262367.993,395879.699,819446.837,47041.456,420185.79,409327.268,132908.119,252639.097,1785.738,15440.864,6553.451,10858.522,0,842182.203,0
2023-08-04,1235865.615,392917.469,796553.599,46394.547,356883.679,340736.126,136908.637,191439.733,1795.525,3537.088,7055.144,16147.553,0,878981.936,0
2023-08-05,1028543.991,411183.641,584081.545,33278.805,330310.973,316570.14,134047.887,169837.208,1920.737,3828.436,6935.872,13740.833,0,698233.018,0
2023-08-06,882997.21,387478.149,464890.607,30628.454,457630.154,444307.5,138452.133,260188.417,2041.432,35071.47,8554.048,13322.654,9471.725,434838.781,6
2023-08-07,1241246.461,415270.116,778583.376,47392.968,440154.203,428312.487,138696.118,239679.381,1925.009,40811.657,7200.323,11841.716,0,801092.257,0
2023-08-08,1222104.391,405556.209,770983.126,45565.055,643843.304,630039.921,137136.786,462943.582,1829.218,19818.546,8311.789,13803.383,4481.314,582742.4,7
2023-08-09,1259957.394,406872.762,806061.74,47022.892,306673.217,295398.48,133726.784,139284.107,1775.299,12814.679,7797.611,11274.737,0,953284.177,0
2023-08-10,1201936.573,396496.131,760363.845,45076.597,669717.372,656478.57,135388.14,511741.903,2071.106,288.631,6988.79,13238.802,23761.142,555980.343,17
2023-08-11,1201374.101,395320.676,761560.755,44492.67,641545.272,629287.538,136239.788,482440.043,1865.899,1739.122,7002.687,12257.734,10804.958,570633.787,13
2023-08-12,1047284.889,415964.538,598583.53,32736.821,586306.524,576218.196,135846.361,426683.058,1765.096,4408.014,7515.667,10088.328,28918.408,489896.774,14
2023-08-13,914634.668,393632.948,491306.11,29695.61,643199.234,632807.048,134139.827,487083.475,1692.977,3682.658,6208.111,10392.186,116481.417,387916.85,30
2023-08-14,1191785.087,399247.273,747608.254,44929.56,638373.158,626780.069,132161.094,480310.478,1751.212,5803.366,6753.92,11593.089,10565.766,563977.695,11
2023-08-15,994740.959,397513.982,566265.313,30961.664,503831.204,492140.598,128399.661,349164.262,1774.965,6167.018,6634.693,11690.606,40819.851,531729.606,17
2023-08-16,1257517.036,400975.768,811821.089,44720.179,612255.109,601094.041,135705.366,453582.401,2005.722,3560.471,6240.081,11161.068,197.853,645459.78,2
2023-08-17,1288249.531,403453.105,838777.087,46019.338,595222.533,584810.582,133226.744,439913.787,2032.241,3294.432,6343.378,10411.951,1199.799,694226.798,2
2023-08-18,1279422.946,402677.265,831797.468,44948.213,610876.642,602471.369,136653.829,456410.965,1804.777,1131.173,6470.626,8405.273,2000.594,670546.898,5
2023-08-19,1092111.076,422729.746,636020.97,33360.36,624161.945,617474.588,129312.013,476744.111,1790.038,2918.717,6709.708,6687.357,50097.479,518046.611,22
2023-08-20,919455.707,398742.144,489889.534,30824.03,617848.707,610209.457,133833.026,466951.679,1706.306,1398.846,6319.601,7639.25,102631.192,404238.192,30
2023-08-21,1252136.512,407619.187,797687.166,46830.159,602123.371,594169.62,133471.645,452625.62,1709.919,228.391,6134.046,7953.751,221.464,650234.605,2
2023-08-22,1289698.174,409168.569,833657.46,46872.145,577998.148,572602.137,132143.934,431383.157,1755.372,1328.692,5990.983,5396.011,0,711700.026,0
2023-08-23,1313030.2,410315.936,855321.777,47392.487,538650.569,533259.16,130858.096,394261.417,1719.849,186.107,6233.692,5391.409,0,774379.631,0
2023-08-24,1291969.136,409694.91,835933.089,46341.137,592062.091,586659.83,129529.578,445349.819,1696.45,3939.452,6144.532,5402.261,278.814,700185.859,3
2023-08-25,1261149.333,407595.18,808590.782,44963.371,479750.128,470678.599,130680.086,319218.38,1814.711,12900.794,6064.628,9071.529,2790.161,784189.366,6
2023-08-26,1087428.441,425704.534,629452.77,32271.137,520907.903,515501.62,127171.414,371341.732,1927.694,8367.841,6692.94,5406.283,17696.383,584216.921,11
2023-08-27,930163.541,401869.869,497977.974,30315.698,229720.672,224332.035,130240.167,83258.61,2319.764,1780.173,6733.322,5388.637,0,700442.869,0
2023-08-28,1285133.476,409456.727,828318.722,47358.026,222269.964,210410.187,127728.884,67798.226,2271.422,5489.069,7122.587,11859.777,0,1062863.512,0
2023-08-29,1310859.844,430412.251,832525.712,47921.88,272911.77,258148.769,131247.691,107895.258,2170.766,8864.357,7970.697,14763.001,0,1037948.074,0
2023-08-30,1298498.53,431398.998,820212.841,46886.691,361851.746,348036.363,132780.038,202117.817,2342.123,2518.658,8277.727,13815.383,0,936646.784,0
2023-08-31,1296123.428,432698.122,816874.654,46550.652,383410.508,371383.241,130594.307,219668.111,2532.688,10150.54,8437.595,12027.267,0,912712.921,0
2023-09-01,1239817.053,411191.624,782952.282,45673.146,486439.085,472159.738,134272.466,323001.236,2625.173,3998.598,8262.265,14279.346,0,753377.968,0
2023-09-02,1051832.341,431669.007,586929.558,33233.775,563993.517,550226.373,127466.778,413956.953,2553.94,253.179,5995.522,13767.144,23194.874,511033.697,20
2023-09-03,908836.263,408084.21,470022.571,30729.482,449431.418,438608.527,122652.752,309551.674,2319.094,1106.19,2978.816,10822.891,5111.07,464515.915,12
2023-09-04,1241499.554,416564.829,778003.027,46931.698,575387.506,562792.072,126297.073,425848.252,2101.782,5592.283,2952.682,12595.434,0,666112.048,0
2023-09-05,1264809.44,418170.111,799979.294,46660.035,582114.016,569327.305,128074.873,419947.742,2059.448,12936.551,6308.692,12786.71,7.582,682703.006,1
2023-09-06,1271126.734,419034.24,804767.076,47325.418,582272.72,571056.067,130794.165,426429.945,2001.01,5465.455,6365.492,11216.653,0,688854.014,0
2023-09-07,1299699.78,422055.512,829855.436,47788.832,578308.621,565197.465,133985.285,416397.86,2017.672,5079.449,7717.199,13111.156,0,721391.159,0
2023-09-08,1268156.74,419840.738,800817.039,47498.963,565710.478,553594.684,132460.263,410973.233,1919.159,757.63,7484.399,12115.794,0,702446.262,0
2023-09-09,1084470.016,441669.882,607592.207,35207.927,548883.952,540494.756,133453.113,397548.615,1886.277,176.319,7430.431,8389.196,15648.873,551234.937,17
2023-09-10,939956.905,417829.368,489865.516,32262.021,551868.645,544262.684,131813.197,403110.353,1840.815,310.858,7187.461,7605.961,54110.168,442198.428,25
2023-09-11,1281944.748,427258.22,806160.482,48526.045,549756.873,540896.197,133187.874,398324.349,1814.116,85.833,7484.025,8860.676,0,732187.874,0
2023-09-12,1310857.169,429650.972,831627.849,49578.348,490894.013,482284.451,125793.44,346951.851,1797.958,716.852,7024.35,8609.562,0,819963.156,0
2023-09-13,1335134.25,429036.432,854087.898,52009.92,326279.893,314462.592,128112.585,171343.138,1794.913,5872.249,7339.707,11817.301,0,1008854.357,0
2023-09-14,1311218.716,429908.177,830625.507,50685.031,443072.51,431946.938,130408.243,288469.794,1928.092,3343.986,7796.823,11125.572,0,868146.205,0
2023-09-15,1276218.711,413389.454,811063.518,51765.739,494827.279,484070.574,133883.901,335803.692,1821.36,4821.394,7740.226,10756.705,0,781391.432,0
2023-09-16,1088626.176,449343.237,603357.805,35925.135,541338.654,530386.263,134994.394,385368.307,1791.205,511.236,7721.121,10952.391,13356.033,560643.555,15
2023-09-17,933558.241,416439.671,485049.951,32068.619,505495.274,495255.878,131515.476,352133.613,1751.924,1989.579,7865.286,10239.395,31243.994,459306.961,18
2023-09-18,1327415.077,420191.524,853258.932,53964.622,336885.856,325972.478,135837.128,169736.263,1639.781,11469.766,7289.54,10913.378,0,990529.221,0
2023-09-19,1326644.299,420432.947,852931.976,53279.377,466859.36,457442.204,133577.982,299762.392,1762.804,14046.828,8292.198,9417.155,0,859784.939,0
2023-09-20,1335526.68,421973.372,861993.002,51560.307,534143.949,524248.24,136411.397,376233.466,1750.368,1977.744,7875.264,9895.709,0,801382.731,0
2023-09-21,1309330.097,423970.893,832459.891,52899.313,522439.03,512347.781,139231.161,361693.065,1776.173,1886.53,7760.852,10091.249,0,786891.067,0
2023-09-22,1288985.089,422689.579,812685.183,53610.328,241162.997,231376.766,143311.544,63453.87,1805.809,14069.664,8735.879,9786.231,0,1047822.092,0
2023-09-23,1137539.814,479859.887,620443.223,37236.705,322469.609,312798.665,150931.441,145957.23,2172.61,4124.78,9612.604,9670.944,0,815070.205,0
2023-09-24,942953.336,456956.495,452365.151,33631.689,475231.859,465866.897,149570.049,302457.873,1901.76,2519.116,9418.1,9364.962,12617.695,480339.172,12
2023-09-25,1313475.073,471825.124,787444.919,54205.03,540761.342,531339.236,152374.295,363489.904,1790.38,3249.343,10435.314,9422.106,0,772713.731,0
2023-09-26,1308060.125,463705.713,790829.088,53525.324,516675.54,506857.401,153618.753,341607.942,1771.705,450.713,9408.287,9818.139,0,791384.585,0
2023-09-27,1321893.238,464711.579,803828.311,53353.349,520239.734,509921.857,145049.959,351688.712,1731.03,1408.075,10044.081,10317.877,0,801653.504,0
2023-09-28,1333914.397,455262.492,824389.233,54262.672,526893.389,520629.722,153285.574,353481.374,1690.336,3140.133,9032.306,6263.666,0,807021.008,0
2023-09-29,1303068.579,442899.003,807472.567,52697.009,517328.883,511085.231,149128.721,346972.939,1742.19,4262.239,8979.142,6243.651,0,785739.696,0
2023-09-30,1100943.971,470211.631,594974.598,35757.742,397114.099,390879.081,150420.227,227445.094,1727.585,2662.937,8623.238,6235.018,0,703829.871,0
2023-10-01,950086.931,430876.938,485754.998,33454.995,511801.572,503316.474,149308.144,341861.908,1821.737,88.643,10236.043,8485.098,30663.406,468948.765,17
2023-10-02,1244367.344,446068.548,744896.291,53402.504,498012.422,489527.628,151691.207,322558.104,1863.266,3214.812,10200.24,8484.794,0,746354.922,0
2023-10-03,1039767.997,450503.096,555721.928,33542.972,522802.738,510949.609,148781.636,335603.26,1904.085,14971.335,9689.294,11853.129,18587.36,535552.619,14
2023-10-04,1323383.13,459535.611,809398.729,54448.79,486013.335,473373.989,152551.94,307348.807,1873.187,1799.809,9800.246,12639.347,0,837369.795,0
2023-10-05,1388637.086,483257.053,849011.437,56368.595,444893.352,433841.463,160134.092,260681.054,1849.824,1171.376,10005.117,11051.889,0,943743.734,0
2023-10-06,1344020.637,495042.321,793996.648,54981.667,499434.208,489205.633,156535.034,318517.071,1877.393,577.458,11698.678,10228.575,0,844586.429,0
2023-10-07,1136361.839,524555.032,572672.203,39134.604,428748.913,417789.001,144307.46,244781.53,1820.865,15976.8,10902.346,10959.913,0,707612.925,0
2023-10-08,997846.676,453551.967,507464.405,36830.303,312713.559,302027.755,144232.525,124093.231,1743.525,21325.654,10632.821,10685.805,0,685133.116,0
2023-10-09,1337980.117,455508.885,825174.837,57296.394,349243.671,337752.255,142594.252,165431.657,1798.907,17763.542,10163.898,11491.416,0,988736.446,0
2023-10-10,1313583.889,445165.325,813221.63,55196.934,459682.565,447830.864,150275.849,279353.301,1782.097,6766.758,9652.859,11851.701,0,853901.324,0
2023-10-11,1328985.532,457027.476,816166.184,55791.872,460284.39,449326.32,147629.756,285316.449,1826.277,4058.822,10495.017,10958.071,0,868701.141,0
2023-10-12,1351134.549,450466.459,844402.917,56265.173,438834.743,427796.68,145820.012,249754.884,1764.652,21177.725,9279.408,11038.063,0,912299.806,0
2023-10-13,1301908.035,451429.888,795744.778,54733.368,480308.581,468493.537,149251.922,300086.889,1813.259,7636.211,9705.257,11815.044,0,821599.454,0
2023-10-14,1125197.078,490911.196,595735.901,38549.981,295733.529,283413.821,145432.964,99038.653,1835.89,27865.771,9240.543,12319.708,0,829463.549,0
2023-10-15,1008126.042,493456.201,477281.891,37387.95,300619.754,289185.36,153539.758,113218.503,1943.296,9610.74,10873.064,11434.395,0,707506.288,0
2023-10-16,1398946.246,546969.122,793753.973,58223.151,469384.67,457407.248,160813.399,278331.798,1888.871,3781.736,12591.445,11977.422,0,929561.576,0
2023-10-17,1468265.671,568039.729,840078.656,60147.286,332825.5,324339.859,154669.531,152854.848,1793.007,2731.827,12290.646,8485.641,0,1135440.171,0
2023-10-18,1455568.404,570365.613,826111.257,59091.534,406669.396,398184.014,164591.805,216693.871,1835.827,2445.633,12616.878,8485.383,0,1048899.008,0
2023-10-19,1431306.137,540968.81,830841.626,59495.701,336529.47,326842.888,163675.074,145982.775,1870.285,2949.564,12365.191,9686.582,0,1094776.667,0
2023-10-20,1374910.511,510973.635,806329.071,57607.806,316507.831,307859.383,163753.022,117709.412,1791.986,12279.296,12325.668,8648.449,0,1058402.68,0
2023-10-21,1196194.868,543196.566,613410.589,39587.713,419873.623,407319.099,160943.31,227758.662,1755.895,5124.461,11736.771,12554.524,0,776321.245,0
2023-10-22,1026856.536,506324.379,484331.878,36200.28,398709.835,390224.93,160412.499,216094.03,1885.658,3916.859,7915.884,8484.905,798.531,628945.232,3
2023-10-23,1394110.911,517870.482,818057.899,58182.53,389181.261,376264.351,163866.059,200745.986,1884.513,3919.096,5848.698,12916.911,0,1004929.649,0
2023-10-24,1448007.865,531627.539,856330.314,60050.012,250916.61,238321.004,165568.451,62446.935,1837.614,4648.32,3819.684,12595.606,0,1197091.255,0
2023-10-25,1410650.769,523205.665,830324.596,57120.509,434326.594,421615.589,169280.155,243498.868,1887.364,3101.961,3847.242,12711.005,0,976324.175,0
2023-10-26,1425349.222,514183.297,852483.774,58682.152,279283.244,268819.096,171008.276,78919.539,1895.662,13185.335,3810.284,10464.149,0,1146065.978,0
2023-10-27,1407904.337,524323.249,825846.146,57734.943,355470.344,343325.855,171135.262,140000.679,2145.219,20424.022,9620.672,12144.49,0,1052433.992,0
2023-10-28,1217643.346,567537.133,611223.751,38882.463,432469.414,420458.501,168720.271,224368.389,1951.469,12651.329,12767.043,12010.914,0,785173.932,0
2023-10-29,1069598.323,539085.346,493588.818,36924.16,385084.074,372460.312,172785.371,174167.974,1888.842,10570.059,13048.066,12623.762,0,684514.249,0
2023-10-30,1397034.17,529651.636,811927.999,55454.534,334475.203,322017.551,167057.655,129807.5,1799.84,11170.149,12182.408,12457.652,0,1062558.967,0
2023-10-31,1429617.006,540376.362,833975.654,55264.99,292272.096,279691.798,160169.423,73625.242,1884.326,26307.182,17705.625,12580.299,0,1137344.91,0
2023-11-01,1122846.435,530503.817,555330.31,37012.307,411669.03,397202.376,166855.821,209134.537,2169.149,5351.644,13691.225,14466.655,0,711177.404,0
2023-11-02,1448570.684,533374.934,855439.808,59755.942,287937.011,273967.404,170581.468,77592.461,2104.078,10134.596,13554.8,13969.608,0,1160633.673,0
2023-11-03,1461639.318,555504.78,844826.409,61308.129,282588.329,265991.05,167032.607,68952.885,2610.46,13949.428,13445.67,16597.28,0,1179050.989,0
2023-11-04,1228945.417,599637.364,586955.325,42352.728,378857.732,363729.912,165712.902,174267.122,2430.891,7752.71,13566.287,15127.82,0,850087.686,0
2023-11-05,1058344.392,545376.463,474094.171,38873.757,341888.777,327736.57,166671.997,114447.068,2160.333,31620.752,12836.42,14152.208,0,716455.615,0
2023-11-06,1433000.535,540391.169,829319.473,63289.892,393429.507,374983.401,165232.613,180535.487,1942.797,14667.185,12605.318,18446.107,0,1039571.027,0
2023-11-07,1488613.759,543153.053,880253.024,65207.682,306963.027,286511.676,165203.127,96541.941,2078.167,10013.934,12674.508,20451.351,0,1181650.732,0
2023-11-08,1503567.971,554821.648,884727.853,64018.471,363693.978,344670.502,165189.395,153285.978,2117.23,12684.626,11393.273,19023.476,0,1139873.993,0
2023-11-09,1533455.566,587438.795,881785.827,64230.945,359070.105,342726.184,173432.713,147831.675,1954.988,5765.738,13741.072,16343.921,0,1174385.462,0
2023-11-10,1506419.611,586565.251,855202.541,64651.82,273599.155,257344.161,165587.55,69895.541,2027.07,6323.015,13510.985,16254.995,0,1232820.456,0
2023-11-11,1289608.938,632490.677,613276.386,43841.874,359423.228,342628.349,171313.097,125560.12,1977.708,29827.766,13949.658,16794.879,0,930185.71,0
2023-11-12,1123539.859,597644.558,483763.679,42131.622,305820.381,290167.099,167037.846,109527.631,2209.593,3972.167,7419.862,15653.282,0,817719.478,0
2023-11-13,1511983.515,575340.29,869832.541,66810.684,254559.272,235642.669,176644.285,19656.505,2708.238,27196.371,9437.27,18916.604,0,1257424.242,0
2023-11-14,1520911.816,557312.84,898481.162,65117.815,291690.045,275434.906,167373.707,54986.905,2512.155,37267.412,13294.727,16255.139,0,1229221.771,0
2023-11-15,1521280.37,558913.468,897564.362,64802.54,311899.102,295808.132,170707.086,66690.941,2489.403,42608.577,13312.125,16090.97,0,1209381.268,0
2023-11-16,1539420.42,568498.596,906432.499,64489.325,302297.167,282945.838,162369.624,92277.52,2807.377,12401.915,13089.402,19351.329,0,1237123.253,0
2023-11-17,1538321.959,587960.472,884391.881,65969.605,262340.333,242288.843,166853.15,37795.965,2626.139,21747.857,13265.733,20051.49,0,1275981.626,0
2023-11-18,1310026.526,637210.002,629777.253,43039.27,307397.276,287176.05,169387.033,96422.223,2765.938,5164.906,13435.95,20221.227,0,1002629.249,0
2023-11-19,1127542.576,582061.513,504836.288,40644.776,296617.16,276835.864,165910.336,66548.701,2512.975,29901.671,11962.182,19781.296,0,830925.416,0
2023-11-20,1486358.899,565608.096,857412.937,63337.866,341643.205,321970.675,166490.861,111918.384,2656.736,29269.716,11634.979,19672.53,0,1144715.694,0
2023-11-21,1529459.058,577978.009,886509.846,64971.203,260157.884,241730.8,174897.101,44582.505,2848.029,6211.217,13191.949,18427.084,0,1269301.174,0
2023-11-22,1593005.13,609651.439,921045.861,62307.83,249742.915,231223.323,170811.141,41498.305,2819.984,1956.073,14137.82,18519.593,0,1343262.215,0
2023-11-23,1582952.102,621370.811,897183.503,64397.788,342338.127,322475.387,171680.584,124541.117,2896.162,9621.1,13736.425,19862.74,0,1240613.975,0
2023-11-24,1560528.363,618241.875,876245.387,66041.102,277817.084,258544.61,179356.523,19712.626,2832.084,43060.838,13582.539,19272.474,0,1282711.28,0
2023-11-25,1395624.855,689286.536,659581.213,46757.107,302236.11,282916.804,169567.905,55604.032,2765.598,40487.459,14491.809,19319.306,0,1093388.746,0
2023-11-26,1237808.247,653924.536,540996.854,42886.857,274477.329,255218.447,169565.25,51326.3,2810.339,16906.669,14609.889,19258.882,0,963330.918,0
2023-11-27,1600953.396,646812.299,887407.112,66733.986,264943.07,245488.85,168623.882,55660.052,2894.608,4519.963,13790.345,19454.22,0,1336010.327,0
2023-11-28,1647577.731,648815.746,930148.721,68613.264,255529.764,236297.646,163971.203,24297.478,2861.189,31284.769,13883.007,19232.118,0,1392047.967,0
2023-11-29,1656812.825,661398.464,928438.358,66976.004,278428.348,259588.143,165066.886,74105.001,2832.291,3699.418,13884.547,18840.205,0,1378384.477,0
2023-11-30,1690892.154,672765.371,948959.756,69167.028,217336.171,195754.19,159471.64,17441.163,2910.236,1945.552,13985.6,21581.981,0,1473555.983,0
2023-12-01,1651380.205,668296.731,914815.004,68268.47,212107.657,192264.572,163526.805,11091.226,2855.662,621.971,14168.908,19843.086,0,1439272.547,0
2023-12-02,1457966.497,728887.344,680062.208,49016.945,217340.498,197789.515,160158.039,11708.667,2469.053,8531.232,14922.524,19550.983,0,1240625.999,0
2023-12-03,1341656.538,732653.609,561401.155,47601.774,260481.635,244942.08,162812.499,58307.003,2590.107,6329.606,14902.865,15539.556,0,1081174.902,0
2023-12-04,1756102.217,766951.025,917112.361,72038.831,251249.132,230445.827,168346.499,36792.809,2652.338,9098.301,13555.88,20803.306,0,1504853.085,0
2023-12-05,1717429.936,740292.988,908139.07,68997.878,250366.195,229459.879,170152.3,35617.345,2850.858,6410.537,14428.84,20906.316,0,1467063.741,0
2023-12-06,1690921.236,701790.156,919158.518,69972.561,239792.989,220374.793,173944.38,14073.4,2923.846,15476.486,13956.681,19418.196,0,1451128.247,0
2023-12-07,1693391.338,699830.804,923230.904,70329.63,290754.065,270114.715,180825.395,65288.803,2963.22,7083.393,13953.903,20639.351,0,1402637.273,0
2023-12-08,1664990.789,697238.508,897827.765,69924.515,239956.416,219592.74,174281.014,20765.685,2914.386,7484.866,14146.789,20363.676,0,1425034.373,0
2023-12-09,1433411.542,733240.21,651422.347,48748.986,281367.437,260267.296,179543.914,57259.682,2916.468,6330.453,14216.779,21100.141,0,1152044.105,0
2023-12-10,1237923.489,663636.736,528724.862,45561.891,292071.998,270203.079,167847.111,50227.902,2526.395,36584.772,13016.899,21868.92,0,945851.491,0
2023-12-11,1573222.701,625829.067,877646.403,69747.231,278738.351,256606.988,172967.423,31589.945,2428.108,36570.859,13050.653,22131.364,0,1294484.35,0
2023-12-12,1583315.102,617115.877,897803.466,68395.759,240433.09,218388.573,169249.418,20751.049,2669.767,12238.181,13480.158,22044.517,0,1342882.012,0
2023-12-13,1599278.419,618708.338,912160.562,68409.519,272289.447,250860.396,177758.861,45321.315,2554.771,11769.619,13455.829,21429.052,0,1326988.972,0
2023-12-14,1605629.453,630082.968,906736.023,68810.462,241897.855,220901.763,167066.623,27627.792,2888.076,9761.104,13558.169,20996.092,0,1363731.598,0
2023-12-15,1564529.969,638497.14,858454.689,67578.141,242242.072,220161.716,171249.4,22534.921,2923.028,9691.268,13763.098,22080.356,0,1322287.898,0
2023-12-16,1374048.848,700555.476,626061.81,47431.562,271547.781,250397.244,170327.844,60905.742,2998.543,1863.72,14301.395,21150.538,0,1102501.067,0
2023-12-17,1244066.48,681395.199,517769.812,44901.469,291457.892,269853.428,168584.523,79862.643,3050.168,4794.96,13561.134,21604.464,0,952608.589,0
2023-12-18,1609380.171,684897.508,855389.055,69093.608,295813.931,273356.724,173440.996,81088.848,3092.905,1936.096,13797.879,22457.207,0,1313566.24,0
2023-12-19,1622342.955,686618.729,867205.324,68518.902,318172.374,295655.814,180050.384,92692.486,3102.735,6845.48,12964.729,22516.561,0,1304170.581,0
2023-12-20,1616335.119,668472.05,878909.022,68954.046,259255.635,237097.637,170180.392,18812.58,3057.851,29726.701,15320.113,22157.998,0,1357079.485,0
2023-12-21,1573150.569,645868.028,859232.365,68050.176,276361.466,254182.76,175481.157,14094.954,3035.161,54415.628,7155.86,22178.707,0,1296789.103,0
2023-12-22,1532666.007,643884.302,823083.952,65697.753,269603.243,249070.688,168467.079,16277.088,2855.535,52930.294,8540.692,20532.555,0,1263062.764,0
2023-12-23,1339480.787,690815.367,603317.861,45347.559,272850.984,250597.206,163861.944,18132.783,2672.575,55854.211,10075.693,22253.778,0,1066629.803,0
2023-12-24,1152188.351,637766.492,472509.48,41912.379,267595.216,246701.607,173761.046,9088.013,3008.733,55281.488,5562.327,20893.61,0,884593.135,0
2023-12-25,1140835.091,618434.084,482872.423,39528.585,315300.704,295810.19,177427.744,71241.29,3068.12,38570.281,5502.755,19490.514,0,825534.388,0
2023-12-26,1166406.961,630203.741,496034.594,40168.626,270012.429,250895.947,174820.096,53063.701,3104.104,12035.641,7872.404,19116.482,0,896394.532,0
2023-12-27,1374242.326,624819.296,690698.995,58724.035,299100.914,278867.585,176117.206,83050.214,3096.089,3667.514,12936.562,20233.33,0,1075141.412,0
2023-12-28,1378386.03,637346.087,680978.619,60061.324,288239.031,265856.285,182525.703,60115.411,3108.151,11901.378,8205.642,22382.747,0,1090146.999,0
2023-12-29,1357687.542,627053.864,671701.009,58932.669,289721.923,269038.394,183974.589,49292.003,3049.42,21869.488,10852.895,20683.529,0,1067965.62,0
2023-12-30,1281950.621,686488.978,553114.083,42347.561,309830.093,289473.608,178720.142,81474.298,3130.9,13554.876,12593.392,20356.486,0,972120.528,0
2023-12-31,1189003.61,676381.247,471534.447,41087.916,289661.368,270007.028,181739.261,56694.702,3117.702,16849.471,11605.892,19654.34,0,899342.242,0
2024-01-01,1203173.694,668862.226,494964.375,39347.094,326894.976,305344.351,180520.11,81394.091,3357.542,25406.979,14665.629,21550.624,0,876278.719,0
2024-01-02,1491251.253,646775.33,784245.607,60230.316,242127.966,220990.03,174837.372,15525.094,3349.579,15492.348,11785.637,21137.936,0,1249123.287,0
2024-01-03,1460388.071,615881.255,785562.255,58944.561,324319.552,305442.031,175272.714,66183.498,3350.548,46928.887,13706.384,18877.52,0,1136068.519,0
2024-01-04,1492567.805,625147.356,808356.415,59064.034,314596.718,292929.128,177450.698,52636.824,3258.224,45894.102,13689.28,21667.59,0,1177971.087,0
2024-01-05,1514226.733,646944.63,806621.708,60660.395,259867.232,238326.135,178016.011,37463.041,3243.553,4977.461,14626.069,21541.097,0,1254359.501,0
2024-01-06,1258336.772,674125.39,541778.629,42432.753,228249.557,207111.258,176564.756,10714.855,3267.608,1764.755,14799.284,21138.299,0,1030087.215,0
2024-01-07,1284846.055,705941.835,534478.699,44425.52,222916.756,201607.692,171739.613,8085.065,3174.38,3402.697,15205.937,21309.064,0,1061929.298,0
2024-01-08,1688529.413,728125.499,891543.567,68860.346,241068.81,219450.487,169463.568,31393.817,3153.994,6029.317,9409.792,21618.322,0,1447460.603,0
2024-01-09,1743199.732,751030.247,922167.621,70001.864,252474.917,233291.889,171664.575,45082.361,3251.332,7392.036,5901.586,19183.028,0,1490724.815,0
2024-01-10,1767756.838,773343.486,923784.744,70628.608,250618.049,230969.188,174916.708,44216.463,3285.169,0.629,8550.219,19648.86,0,1517138.79,0
2024-01-11,1777320.457,773689.819,933094.841,70535.797,257302.623,235594.631,173794.755,48019.342,3266.019,0.96,10513.556,21707.992,0,1520017.834,0
2024-01-12,1750356.386,770436.802,911143.552,68776.032,269128.943,248165.499,176925.202,61404.996,3298.096,462.174,6075.032,20963.443,0,1481227.444,0
2024-01-13,1545644.516,814886.602,681458.061,49299.852,261209.32,238232.626,175948.096,51870.903,3350.719,399.878,6663.03,22976.694,0,1284435.196,0
2024-01-14,1369185.865,763368.436,559437.6,46379.829,266144.691,244171.143,170074.85,60835.636,3359.453,3284.242,6616.963,21973.548,0,1103041.173,0
2024-01-15,1740073.13,741514.053,929100.371,69458.706,288460.272,259050.008,168615.415,47221.19,3267.122,34159.035,5787.247,29410.263,0,1451612.858,0
2024-01-16,1753495.967,740952.086,942792.583,69751.299,246444.405,226888.909,164931.542,44192.112,3187.926,8751.598,5825.731,19555.496,0,1507051.562,0
2024-01-17,1718717.364,729906.343,922069.817,66741.204,231779.205,212212.553,175122.674,12749.118,3131.219,15284.28,5925.261,19566.652,0,1486938.159,0
2024-01-18,1644235.267,688429.459,887681.897,68123.911,252969.637,240762.127,177164.221,28040.405,3152.857,26935.338,5469.306,12207.51,0,1391265.629,0
2024-01-19,1678228.332,706126.988,904248.907,67852.437,228954.66,216743.425,175366.029,28936.521,3064.273,3379.485,5997.118,12211.234,0,1449273.672,0
2024-01-20,1527365.37,792959.367,685559.853,48846.15,297075.646,273678.675,174736.329,84912.54,3129.958,4202.919,6696.929,23396.971,0,1230289.724,0
2024-01-21,1356014.213,750956.624,558900.067,46157.522,297238.231,274038.252,175221.134,81869.997,3130.234,7155.105,6661.782,23199.979,0,1058775.982,0
2024-01-22,1709585.3,731969.629,908485.731,69129.941,264216.511,241176.343,170037.206,42259.904,3274.428,20107.05,5497.756,23040.168,0,1445368.789,0
2024-01-23,1663857.142,688532.585,908046.865,67277.693,317010.076,293910.277,170754.212,83462.583,3343.272,31068.772,5281.439,23099.798,0,1346847.067,0
2024-01-24,1605940.211,636516.063,904294.557,65129.591,302813.222,279288.197,178915.976,43985.955,3291.456,47763.648,5331.163,23525.024,0,1303126.989,0
2024-01-25,1576621.433,635010.2,877827.683,63783.55,312644.807,289280.995,175021.79,86018.368,3238.484,19733.487,5268.866,23363.812,0,1263976.626,0
2024-01-26,1569946.854,622195.297,883956.508,63795.049,289939.374,267349.102,179165.724,49227.877,3322.104,30299.244,5334.154,22590.272,0,1280007.479,0
2024-01-27,1404639.071,703917.105,656503.355,44218.611,344677.23,322503.925,172359.363,136296.049,3210.497,4324.323,6313.693,22173.305,0,1059961.841,0
2024-01-28,1270616.215,693761.937,534135.44,42718.838,351723.673,329380.101,170604.142,134331.732,3313.879,14773.943,6356.407,22343.572,0,918892.542,0
2024-01-29,1680435.056,694916.737,919971.199,65547.121,374322.517,350954.227,173425.506,158987.669,3320.577,9552.971,5667.505,23368.289,0,1306112.54,0
2024-01-30,1673369.149,695503.974,912197.498,65667.678,368645.098,345200.659,176378.411,157756.604,3296.797,2015.24,5753.608,23444.439,0,1304724.051,0
2024-01-31,1643635.146,684388.17,893790.266,65456.711,343175.683,321312.697,174799.194,134066.609,3308.873,3562.884,5575.138,21862.985,0,1300459.464,0
2024-02-01,1642770.441,663175.509,914156.8,65438.133,244920.792,222769.229,171672.924,20831.039,3767.845,20926.641,5570.78,22151.563,0,1397849.65,0
2024-02-02,1597916.963,647317.27,887067.684,63532.01,262409.047,239653.087,173815.079,36097.294,3874.384,20333.691,5532.639,22755.961,0,1335507.915,0
2024-02-03,1344266.378,688943.24,612644.181,42678.957,389946.855,368441.498,171583.489,161723.429,3898.121,25424.071,5812.387,21505.358,0,954319.522,0
2024-02-04,1170897.605,636685.209,494608.188,39604.207,284049.43,262916.597,165586.863,55047.533,3901.288,32433.704,5947.209,21132.833,0,886848.175,0
2024-02-05,1532981.14,616270.885,854739.85,61970.405,407081.639,383551.625,170956.161,168396.681,3829.372,34903.413,5465.997,23530.015,0,1125899.5,0
2024-02-06,1550032.637,624707.05,863329.532,61996.056,378431.077,357181.031,174206.22,152364.426,3753.485,20933.302,5923.598,21250.046,0,1171601.56,0
2024-02-07,1583248.928,623727.564,896926.561,62594.803,347529.232,325514.105,163481.374,109906.65,3813.833,39072.514,9239.733,22015.127,0,1235719.696,0
2024-02-08,1564239.972,611773.415,889559.819,62906.737,302658.503,280113.1,174270.272,64899.306,3822.066,23433.548,13687.908,22545.403,0,1261581.469,0
2024-02-09,1532536.995,599602.732,871919.992,61014.27,304196.584,282642.018,179456.846,83947.861,3747.191,1526.011,13964.109,21554.566,0,1228340.411,0
2024-02-10,1350499.512,654146.887,654615.431,41737.194,313821.809,290501.764,181007.595,79216.584,3767.163,12198.139,14312.282,23320.045,0,1036677.704,0
2024-02-11,1180497.723,620728.947,520290.285,39478.491,274112.103,251227.509,176959.627,31833.954,3731.544,24402.418,14299.965,22884.594,0,906385.62,0
2024-02-12,1549849.71,623475.238,868111.037,58263.435,351976.775,328525.665,176563.833,120669.413,3586.939,13693.39,14012.089,23451.11,0,1197872.935,0
2024-02-13,1557069.374,633110.355,866597.133,57361.886,354526.086,331322.531,180048.024,127996.079,3613.162,5478.069,14187.196,23203.555,0,1202543.287,0
2024-02-14,1569089.665,644148.107,865786.597,59154.961,341133.503,317495.817,178777.663,115697.657,3514.462,5224.859,14281.175,23637.687,0,1227956.161,0
2024-02-15,1608063.452,620042.813,930604.232,57416.406,409834.93,386627.619,174994.564,190774.481,3508.419,3281.615,14068.539,23207.312,0,1198228.522,0
2024-02-16,1524886.73,604176.657,863488.329,57221.743,409861.588,386816.016,178898.573,183258.447,3453.361,7974.872,13230.762,23045.573,0,1115025.141,0
2024-02-17,1294888.931,646848.179,607406.597,40634.155,296791.992,274119.832,176931.298,77207.822,3637.662,5207.76,11135.289,22672.16,0,998096.939,0
2024-02-18,1134622.78,616537.178,480836.383,37249.219,428874.289,405780.701,175238.549,215004.288,3635.775,3590.564,8311.524,23093.589,0,705748.491,0
2024-02-19,1510817.907,607751.586,840759.467,62306.854,347328.39,322629.424,178862.368,99708.27,3644.851,28871.815,11542.119,24698.966,0,1163489.517,0
2024-02-20,1563643.92,616710.841,884235.997,62697.082,368164.76,344417.123,179390.811,136737.522,3683.066,14770.211,9835.512,23747.638,0,1195479.16,0
2024-02-21,1547991.892,614405.655,873265.68,60320.557,416723.088,392661.341,172985.213,201629.019,3662.502,5107.956,9276.651,24061.747,0,1131268.804,0
2024-02-22,1551571.039,603964.841,884929.594,62676.604,288575.563,265887.624,181466.785,67595.388,3707.019,3390.349,9728.083,22687.939,0,1262995.476,0
2024-02-23,1547735.706,609041.103,875999.379,62695.224,273441.396,249843.35,174968.276,49848.369,3698.197,12396.314,8932.193,23598.046,0,1274294.31,0
2024-02-24,1337085.558,679096.747,615468.46,42520.352,429982.473,406505.926,171844.011,217963.405,3734.324,2219.523,10744.663,23476.547,0,907103.085,0
2024-02-25,1188312.639,646786.729,501589.183,39936.726,461913.111,439149.601,171924.354,249710.468,3688.967,3859.491,9966.321,22763.511,0,726399.528,0
2024-02-26,1579419.028,629907.167,887193.618,62318.243,410045.844,386355.07,171730.155,193670.841,3582.234,4622.854,12748.986,23690.774,0,1169373.185,0
2024-02-27,1599565.951,628914.845,907759.563,62891.543,360420.15,336648.31,175478.209,142124.59,3458.789,1477.079,14109.643,23771.84,0,1239145.801,0
2024-02-28,1621528.877,628168.988,929775.244,63584.645,294381.513,270590.41,174283.955,78035.483,3461.871,1191.846,13617.255,23791.103,0,1327147.364,0
2024-02-29,1588078.404,612956.216,913028.408,62093.78,338443.943,314919.306,176114.885,123542.388,3404.985,1380.229,10476.819,23524.637,0,1249634.461,0
2024-03-01,1548407.471,619765.796,868012.098,60629.577,305549.504,283118.401,180445.957,81640.552,3331.621,3732.112,13968.159,22431.103,0,1242857.967,0
2024-03-02,1307670.786,659109.713,607590.76,40970.314,472824.204,450484.076,181146.385,251242.277,3280.876,4057.188,10757.35,22340.128,0,834846.582,0
2024-03-03,1137852.431,607592.666,492559.961,37699.804,464390.978,441472.99,178088.148,242500.721,3202.67,9854.111,7827.341,22917.988,0,673461.453,0
2024-03-04,1568725.347,609984.195,896551.01,62190.141,300113.996,277109.822,174460.125,78977.461,3160.855,6993.214,13518.167,23004.174,0,1268611.35,0
2024-03-05,1555788.069,598234.273,896131.948,61421.848,271800.02,248757.174,168959.007,61873.395,3158.642,1103.807,13662.324,23042.846,0,1283988.049,0
2024-03-06,1572734.761,608886.492,903137.079,60711.19,258776.506,236502.274,172163.658,45714.793,3223.166,1724.702,13675.955,22274.232,0,1313958.255,0
2024-03-07,1582994.431,615713.765,904991.685,62288.981,329445.873,305980.256,181957.809,100973.745,3547.69,5676.242,13824.77,23465.617,0,1253548.559,0
2024-03-08,1499907.784,611652.846,829227.136,59027.801,543656.663,521306.648,181180.572,310034.914,3495.361,12589.401,14006.401,22350.015,0,956251.121,0
2024-03-09,1315667.634,653700.885,620759.917,41206.833,532460.99,510133.088,177748.284,310611.62,3408.461,4099.304,14265.42,22327.902,0,783206.644,0
2024-03-10,1131972.006,593941.421,500993.392,37037.194,443316.501,421285.655,175840.105,199627.494,3272.024,28631.799,13914.234,22030.846,1744.472,690399.978,3
2024-03-11,1495762.287,586183.683,849678.947,59899.657,527809.725,505154.109,175967.278,309692.443,3201.804,2495.925,13796.658,22655.616,0,967952.562,0
2024-03-12,1521581.497,585508.653,874811.621,61261.223,349508.734,326748.366,175774.099,117146.416,3173.79,16969.566,13684.496,22760.368,0,1172072.763,0
2024-03-13,1521548.062,583714.656,876665.598,61167.809,328330.655,305363.671,180609.102,104648.173,3131.583,3351.465,13623.349,22966.983,0,1193217.407,0
2024-03-14,1487577.647,562757.795,865753.754,59066.098,494051.868,471892.94,181576.269,274561.394,3194.629,979.269,11581.379,22158.928,0,993525.779,0
2024-03-15,1464678.631,556637.384,849200.15,58841.098,444640.414,423168.82,180351.852,216651.268,3176.41,14943.804,8045.486,21471.594,0,1020038.217,0
2024-03-16,1261587.876,592004.198,629296.265,40287.413,428800.198,406051.549,177972.71,183444.305,3211.04,33463.192,7960.303,22748.649,0,832787.678,0
2024-03-17,1097127.709,563819.21,496603.434,36705.065,499276.195,478430.746,179744.513,284247.437,3155.136,562.81,10720.85,20845.449,0,597851.513,0
2024-03-18,1474676.701,555036.194,858350.383,61290.125,307717.178,286031.935,175558.177,86609.492,3107.766,7194.475,13562.026,21685.243,0,1166959.522,0
2024-03-19,1456180.584,553493.927,843742.643,58944.015,522776.195,504599.026,175143.63,310127.22,3337.298,3098.799,12892.079,18177.168,0,933404.39,0
2024-03-20,1453074.273,550853.431,843426.131,58794.712,591779.76,571001.537,176960.191,373739.891,3275.221,6339.79,10686.444,20778.223,0,861294.513,0
2024-03-21,1521704.842,585016.02,878566.667,58122.156,341968.836,321693.424,174376.455,115727.375,3283.954,14652.534,13653.106,20275.412,0,1179736.006,0
2024-03-22,1439567.387,568867.245,816362.823,54337.318,582932.478,563558.599,182716.738,359674.716,3525.39,5726.045,11915.711,19373.879,0,856634.909,0
2024-03-23,1297208.931,621402.738,636266.395,39539.798,371404.054,352034.092,180434.03,125459.789,3455.153,28546.888,14138.233,19369.962,0,925804.877,0
2024-03-24,1140401.081,597056.683,505948.09,37396.308,473390.924,454082.169,180640.58,224199.914,3591.684,33705.335,11944.657,19308.755,0,667010.157,0
2024-03-25,1459853.509,598017.363,808346.647,53489.499,631403.977,610776.37,185876.14,386634.407,3507.316,20518.024,14240.483,20627.607,0,828449.532,0
2024-03-26,1483968.803,586404.437,844741.396,52822.97,558992.379,540481.034,184464.056,334938.628,3553.214,5507.045,12018.091,18511.345,0,924976.424,0
2024-03-27,1480903.878,576446.608,851391.029,53066.242,522564.122,502229.561,181922.963,279850.915,3456.223,23248.675,13750.785,20334.561,0,958339.756,0
2024-03-28,1446974.334,580205.045,813669.681,53099.608,410658.509,391862.858,182129.083,181831.056,3522.429,14143.649,10236.641,18795.651,0,1036315.825,0
2024-03-29,1129748.654,557847.639,537504.627,34396.388,649204.767,630141.106,178264.942,421086.835,3530.678,19184.857,8073.794,19063.661,44875.866,525419.753,20
2024-03-30,1176115.491,576472.608,562950.081,36692.802,600185.128,581987.71,172167.573,365765.906,3386.436,30306.366,10361.43,18197.418,24171.851,600102.214,13
2024-03-31,957287.117,489770.322,436920.816,30595.98,519554.62,501333.467,166013.785,308579.219,3133.368,13599.006,10008.089,18221.153,40630.544,478363.042,14
2024-04-01,1094919.546,510146.65,551610.206,33162.689,329462.752,312814.195,176171.248,96444.319,3752.965,31130.614,5315.049,16648.557,0,765456.794,0
2024-04-02,1392202.577,529299.507,811714.127,51188.943,546421.518,530539.973,173635.489,316993.591,3569.788,31747.277,4593.829,15881.545,0,845781.059,0
2024-04-03,1451334.325,551005.457,848006.997,52321.872,394974.678,383690.787,179347.535,176360.817,3477.017,12247.081,12258.338,11283.891,0,1056359.647,0
2024-04-04,1437844.15,527904.774,858826.286,51113.089,500365.682,480945.598,179720.244,273419.52,3520.727,16945.966,7339.142,19420.084,0,937478.468,0
2024-04-05,1375551.367,503034.372,822806.255,49710.74,595468.748,578867.568,173701.884,390345.256,3480.47,5118.83,6221.129,16601.18,7612.841,787695.46,5
2024-04-06,1153171.751,513272.642,604348.599,35550.51,662483.864,644824.846,173067.268,459935.447,3503.583,2443.208,5875.342,17659.018,38405.686,529093.573,22
2024-04-07,985729.367,471655.287,480929.506,33144.574,646471.365,630626.057,167516.882,450394.576,3505.861,3338.895,5869.844,15845.308,91022.95,430280.952,24
2024-04-08,1327809.877,471874.747,802918.409,53016.72,630186.702,611982.105,164004.916,433300.676,3477.478,4566.402,6632.633,18204.597,2144.86,699768.035,3
2024-04-09,1378395.942,480762.641,843175.442,54457.859,437320.396,420475.73,162506.042,229917.485,3452.565,17331.904,7267.734,16844.666,0,941075.546,0
2024-04-10,1424060.768,520927.274,848068.929,55064.565,414512.431,397559.149,170480.968,215171.018,3475.085,1961.455,6470.622,16953.282,0,1009548.337,0
2024-04-11,1424289.755,539829.639,830044.306,54415.811,643246.27,626300.373,173980.842,441179.568,3440.113,420.521,7279.329,16945.897,0,781043.485,0
2024-04-12,1391433.53,523300.026,814889.046,53244.459,674770.316,657903.601,167692.722,477183.437,3454.485,166.778,9406.18,16866.715,8490.17,725153.384,9
2024-04-13,1212409.538,542108.092,632663.189,37638.257,705871.366,689802.811,170777.814,510756.858,3431.446,0.897,4835.796,16068.555,64872.498,571410.67,22
2024-04-14,1030382.722,481410.671,515491.256,33480.794,718805.758,702460.514,159576.468,523849.318,3385.926,9801.809,5846.993,16345.244,117772.068,429349.032,30
2024-04-15,1440994.174,481862.416,903242.243,55889.515,334031.731,316472.094,172226.764,108617.13,3505.689,23439.61,8682.902,17559.637,0,1106962.444,0
2024-04-16,1460930.566,519880.426,886397.364,54652.777,549002.053,532338.05,168507.499,314733.828,3453.634,37646.414,7996.675,16664.003,0,911928.514,0
2024-04-17,1536646.507,551510.867,928039.947,57095.693,438896.596,422101.63,175537.738,219588.619,3578.402,11106.996,12289.876,16794.966,0,1097749.911,0
2024-04-18,1523373.506,571814.954,893437.803,58120.749,391873.265,375501.041,173078.286,180594.712,3971.249,5520.352,12336.443,16372.223,0,1131500.241,0
2024-04-19,1517782.23,565656.695,895568.55,56556.984,415036.801,398908.466,182404.076,175059.41,3937.234,29498.412,8009.335,16128.335,0,1102745.428,0
2024-04-20,1300734.549,602311.551,658106.678,40316.32,469953.518,454553.951,181305.515,239168.516,3956.253,20131.2,9992.468,15399.567,0,830781.031,0
2024-04-21,1136419.427,572454.768,527045.362,36919.297,460202.289,441233.194,178117.303,246066.808,4063.72,3341.251,9644.113,18969.095,0,676217.138,0
2024-04-22,1490126.359,574865.432,856475.848,58785.079,471788.18,451937.104,179558.074,248299.011,4005.11,7711.204,12363.705,19851.076,0,1018338.18,0
2024-04-23,1540522.199,575746.378,903925.63,60850.19,311841.604,293875.407,178238.274,94042.911,3960.164,5227.12,12406.939,17966.197,0,1228680.594,0
2024-04-24,1510236.461,573907.145,877460.221,58869.096,562845.042,544579.697,179627.446,336890.215,3943.981,11745.534,12372.522,18265.345,0,947391.419,0
2024-04-25,1505311.563,571914.894,876500.332,56896.337,544694.424,529237.352,177788.144,328627.311,3955.515,6522.369,12344.013,15457.072,0,960617.139,0
2024-04-26,1431425.39,545581.754,831759.453,54084.183,715866.314,696645.787,172634.441,505263.299,3829.694,2556.815,12361.539,19220.527,14379.418,729938.493,10
2024-04-27,1194855.325,549153.038,608088.585,37613.703,770592.446,751744.736,171392.865,561623.239,3713.404,5122.878,9892.351,18847.709,98542.456,522805.336,28
2024-04-28,998698.497,479314.929,485763.28,33620.288,618649.428,599218.016,158085.402,426181.418,3659.654,5736.932,5554.61,19431.412,58127.951,438177.02,22
2024-04-29,1320830.425,460970.756,807472.565,52387.104,781960.163,762403.646,156503.536,588556.088,3531.055,3682.585,10130.382,19556.517,47889.895,586760.156,21
2024-04-30,1387417.366,439175.841,890221.967,58019.557,757489.087,738826.283,171010.728,542726.873,3805.664,11625.317,9657.702,18662.805,7401.087,637329.366,12
2024-05-01,985168.048,430877.689,521063.88,33226.479,746456.927,728935.996,165217.218,539988.96,3261.384,11807.825,8660.608,17520.931,130472.256,369183.378,30
